0.020588,-0.023382,-0.829818
0.006357,-0.049396,0.998549
-0.013429,-0.066530,0.083528
-0.051594,0.384174,-0.071493
0.009353,0.027524,-0.370473
-0.024281,-0.041406,0.543880
0.025987,0.158379,-0.155189
0.038251,-0.024693,0.313896
-0.031505,-0.038208,-0.598529
-0.000745,-0.074371,0.769840
-0.000769,-0.063658,-0.147745
0.015172,-0.063748,-0.472608
-0.021306,-0.055101,-0.275977
0.039233,-0.055410,-0.704149
0.017958,0.067516,-0.244599
-0.026804,0.261068,-0.088568
0.001925,-0.013964,-0.032269
-0.002914,-0.017063,0.196784
-0.016369,-0.046614,0.421734
-0.028941,-0.046720,0.883650
0.009968,-0.035963,0.658125
-0.040054,-0.036917,-0.754447
-0.012304,-0.059686,-0.384992
0.000545,0.001042,-0.527604
-0.020648,-0.003515,-0.676290
-0.024173,0.003085,-0.441719
0.042348,-0.029745,-0.624647
0.006529,0.014136,0.374195
0.017835,-0.029539,-0.214719
0.024499,-0.061038,0.020242
0.029424,-0.056191,0.142895
0.021272,-0.046542,0.485043
-0.017273,-0.031574,0.266929
-0.009262,-0.069836,-0.077036
-0.003659,0.070563,-0.311961
0.025203,-0.068413,-0.776223
0.019979,-0.032361,-0.330925
-0.010245,-0.026866,0.818296
0.019334,0.221966,-0.120507
-0.016217,-0.049191,0.347202
-0.013982,0.327854,-0.076882
0.003035,0.123326,-0.208380
-0.027826,-0.059353,0.708687
0.019885,-0.049256,0.929434
0.017934,-0.005620,-0.746040
0.009154,-0.061690,0.596222
-0.042440,-0.034600,-0.493754
-0.033371,-0.057848,-0.817459
-0.041083,-0.041026,-0.191662
0.029331,-0.026535,-0.418873
0.004274,-0.012406,0.056491
-0.008980,-0.062483,-0.657572
0.037528,-0.043050,0.241123
0.002233,-0.061690,-0.532223
0.008152,-0.017565,-0.103257
-0.009510,-0.020928,0.118162
0.030401,-0.045246,0.380345
-0.025372,-0.034096,0.013143
0.012080,-0.003459,-0.582312
0.023304,-0.007055,-0.477174
-0.035117,-0.036199,-0.332447
-0.032490,-0.009335,-0.382486
-0.034818,-0.049788,-0.703226
-0.009193,-0.069170,-0.022680
0.020575,-0.058988,0.874952
-0.009066,-0.005216,-0.790137
0.018678,-0.061957,0.285762
0.005204,-0.066711,0.192266
-0.021050,-0.049963,-0.440404
0.015368,-0.022283,-0.265213
0.030077,-0.042387,0.091001
-0.025505,-0.035289,0.622733
-0.005859,-0.017166,-0.164483
0.009205,-0.039260,0.734233
-0.021607,-0.042636,0.954612
0.027006,-0.013540,-0.678542
-0.000307,-0.072329,-0.729112
-0.006941,0.001833,-0.626694
-0.031498,-0.040671,-0.117543
-0.031245,-0.026421,-0.549932
-0.030717,-0.012755,-0.832370
-0.026022,-0.021942,-0.232494
0.026396,-0.044112,-0.059260
-0.018439,-0.067441,0.840361
-0.017827,-0.012752,-0.296600
-0.016243,-0.050325,0.154821
-0.028839,-0.006546,-0.721574
-0.018163,-0.031422,0.465062
-0.010105,-0.064338,-0.224621
0.019745,-0.048082,0.553876
0.037897,0.094286,-0.206157
-0.006064,-0.015926,0.317626
0.011670,-0.066800,-0.822152
0.020696,-0.029355,0.442529
-0.000803,0.194602,-0.149111
0.030491,-0.036938,-0.509318
0.005695,-0.046063,-0.573630
-0.020153,0.002218,-0.487193
0.036949,-0.055640,-0.659174
-0.028333,-0.055427,0.664297
0.002472,0.027798,-0.327715
0.019085,-0.019026,0.011725
-0.015008,-0.034057,0.776000
-0.013986,-0.067300,0.038634
0.020619,-0.054505,-0.293312
0.009662,-0.010273,0.241656
-0.019897,-0.027138,-0.066354
0.013204,-0.062915,0.690786
0.029097,-0.022198,-0.371100
-0.011322,-0.061205,0.508733
0.034442,-0.034091,0.186533
0.026523,-0.060066,0.341140
-0.007607,-0.047346,0.227288
0.033787,-0.029863,-0.790227
0.016085,-0.016988,0.151082
-0.009630,-0.024447,0.579156
0.028675,0.066086,-0.284893
-0.006731,-0.023023,0.388720
-0.035485,-0.035634,-0.639968
0.001668,0.012089,-0.408219
0.003016,-0.054728,-0.613732
0.008210,-0.026739,0.519390
0.039925,-0.043862,-0.747383
0.018784,-0.053552,-0.181956
-0.043736,0.341824,-0.053153
-0.010894,-0.028174,0.914758
0.003972,-0.028102,0.856074
-0.014374,-0.066138,-0.779519
-0.038361,-0.033625,0.846389
0.016912,-0.057393,-0.104166
0.030053,0.120480,-0.177458
-0.029632,-0.060873,0.802938
-0.005548,-0.005361,-0.347790
0.010345,0.106338,-0.243338
0.005941,-0.069359,0.963843
0.010720,-0.057642,0.803701
-0.037684,0.298717,-0.092870
0.000230,-0.068571,0.638508
-0.009381,-0.068574,0.912324
0.030923,-0.016990,0.276615
0.020108,-0.058756,0.414974
-0.005600,-0.029780,0.692611
0.022255,-0.011947,0.351465
0.027634,-0.022436,-0.553555
0.002944,0.254922,-0.112085
-0.002201,-0.070097,0.119207
-0.009726,-0.059762,-0.318995
0.015178,0.000478,-0.440664
0.027170,-0.042817,-0.015285
0.008629,0.001949,-0.711334
-0.026837,-0.045883,0.743411
-0.000190,-0.062257,0.456962
0.017902,-0.063735,0.056129
-0.023281,-0.034661,0.065455
0.016010,-0.058466,-0.257391
-0.008451,-0.077670,0.733473
-0.037177,-0.049076,-0.152447
-0.003883,0.288897,-0.085070
0.009249,-0.070252,-0.691278
-0.036161,-0.035294,-0.789852
0.015322,-0.058203,-0.410395
-0.012234,-0.059577,-0.499750
0.017554,-0.027728,-0.139900
0.011523,-0.034092,0.963711
0.000187,0.088265,-0.271831
0.002323,-0.054615,-0.353545
-0.033643,-0.035896,-0.410983
-0.001871,-0.057306,0.385769
0.011238,-0.033798,0.623498
0.031277,-0.033569,0.045738
-0.016934,-0.005597,-0.756494
0.017594,0.150585,-0.188897
-0.013307,-0.063102,0.570048
-0.002109,-0.050926,0.310750
-0.012737,-0.017516,-0.197875
-0.023568,-0.033858,-0.023264
0.028081,-0.047360,-0.445151
-0.039749,0.354353,-0.083718
0.031996,-0.021128,-0.714172
-0.007924,-0.042326,-0.832155
0.012815,-0.053635,0.837303
-0.029350,-0.024730,-0.265093
0.026196,-0.010300,-0.645858
-0.011369,-0.062496,-0.191422
0.027929,0.189516,-0.135146
-0.031249,-0.042312,-0.363952
-0.037076,-0.027290,-0.456851
0.013327,-0.020958,-0.297816
-0.020989,-0.011963,-0.583295
0.026851,-0.035594,-0.595400
-0.042645,-0.036918,-0.674984
0.007506,-0.070093,-0.049813
-0.017681,0.031069,-0.352188
-0.022641,-0.057962,-0.049294
0.007034,-0.028986,0.888484
-0.030991,-0.009876,-0.514524
0.021520,0.049644,-0.315145
-0.009556,0.225871,-0.108529
-0.020150,-0.038081,0.985901
0.018353,-0.023240,0.407716
-0.020284,-0.032431,0.500475
-0.010381,-0.018309,-0.128384
-0.029129,-0.061156,-0.732990
0.004965,-0.015138,0.091225
-0.030822,-0.050404,-0.244033
0.009487,-0.017145,-0.067483
0.023044,-0.007676,-0.611047
0.023194,-0.015733,0.213453
0.001321,-0.013150,0.284818
-0.025253,-0.049370,0.595234
-0.010326,-0.002708,-0.555974
-0.026491,-0.048386,-0.529191
0.020995,-0.022330,0.117438
0.028200,-0.049855,-0.383975
-0.006403,-0.020395,0.356286
-0.020965,-0.043432,0.101551
0.008482,-0.055368,0.251543
-0.017973,0.019944,-0.380769
0.016920,-0.055441,0.518555
0.027627,-0.071020,-0.739767
-0.032607,-0.038697,-0.298348
0.022660,0.001708,-0.389645
0.037158,0.089177,-0.237266
0.028254,-0.055560,0.215696
0.011805,-0.044751,0.768554
0.033584,-0.047753,-0.815993
0.001958,0.167367,-0.170269
-0.031409,-0.002585,-0.413856
-0.044714,0.320891,-0.073544
-0.013955,0.051972,-0.332089
0.002495,-0.023970,0.484337
-0.029130,-0.050159,-0.090120
-0.006581,-0.014149,0.029869
-0.010823,-0.024108,0.170284
-0.000271,-0.009424,-0.320085
0.024124,-0.035466,-0.086315
-0.000064,0.002704,-0.654273
-0.019856,-0.051874,-0.473525
0.008544,-0.068167,0.164134
-0.006561,-0.068933,0.865935
-0.026678,-0.016191,-0.618106
0.017412,-0.008507,-0.781429
0.042426,-0.040970,0.285510
-0.006386,-0.015038,-0.005528
0.013339,-0.061656,-0.638843
0.027890,0.115317,-0.221728
-0.004276,-0.006237,-0.817678
-0.014184,-0.047407,0.197831
0.001083,0.008749,-0.470313
0.000255,-0.071738,0.011617
-0.016255,-0.054364,0.482184
0.030972,-0.033560,-0.473384
-0.009033,-0.024851,0.439613
-0.020134,-0.030978,0.649679
-0.006891,-0.061576,-0.120726
0.027574,0.085036,-0.264624
-0.016848,-0.065113,0.980562
0.023801,-0.060504,0.313352
-0.004589,-0.064960,0.535362
-0.000821,-0.024861,0.552885
-0.031453,-0.062096,-0.677508
0.018647,-0.057630,0.903108
-0.015513,-0.032610,0.295068
-0.022901,-0.042024,-0.572729
0.032254,-0.022217,-0.762570
0.015321,0.083581,-0.221634
0.017544,-0.039352,0.579742
0.007621,-0.017691,-0.239461
-0.025258,-0.062728,0.767967
-0.014394,-0.033155,0.718083
0.004400,-0.058380,-0.436113
-0.009445,-0.073666,0.680705
0.021294,-0.054058,-0.231279
-0.012785,-0.055902,-0.411655
-0.000817,-0.070298,0.937781
-0.000308,0.063304,-0.286303
0.026157,-0.058421,0.116417
0.015230,-0.005419,-0.502583
-0.018339,-0.050773,0.128213
0.020729,0.184098,-0.160788
0.041413,-0.039346,-0.679777
-0.002633,-0.071027,-0.755530
-0.029133,-0.026943,-0.172475
0.021293,-0.044956,-0.539774
-0.009210,-0.069944,-0.806215
-0.023513,-0.041639,0.039991
0.030408,-0.021379,-0.448766
-0.024089,-0.010591,-0.651190
0.012846,-0.062923,0.717053
0.018538,-0.052201,-0.130682
0.011737,-0.069839,0.089884
-0.037634,-0.045957,-0.219209
0.005907,-0.029122,0.938469
0.030378,-0.055732,0.171231
0.013634,-0.059769,-0.206982
-0.022034,-0.058383,0.004203
-0.021431,-0.053945,-0.622800
0.008142,0.043062,-0.348089
0.013128,-0.064342,-0.503186
-0.018436,0.347149,-0.059989
-0.041706,-0.033779,-0.728718
0.035832,-0.032905,0.344353
-0.006199,-0.020005,0.223555
0.007121,-0.063221,0.358075
-0.008487,-0.076471,0.706580
0.015734,-0.028063,-0.173733
0.002038,-0.000196,0.340506
-0.004082,0.045396,-0.306483
-0.009537,-0.072292,0.814265
0.012221,-0.063109,0.743364
-0.033294,-0.049224,0.826631
-0.036434,-0.024163,-0.703046
0.004126,0.196785,-0.124072
0.014697,-0.017919,0.375695
-0.026313,-0.014301,-0.806678
-0.032302,-0.061484,-0.761978
-0.025339,-0.014797,-0.322881
0.000557,-0.066258,-0.282453
0.034221,-0.019427,0.249781
0.019639,-0.015403,0.177905
0.013147,-0.060023,0.665433
-0.011827,-0.026474,0.145158
-0.023043,-0.048888,0.922547
0.015724,-0.065206,-0.023225
-0.014539,-0.022198,-0.093287
-0.026839,0.295593,-0.070362
0.034147,-0.054809,0.266209
-0.007500,-0.024333,0.414249
0.029828,-0.050953,-0.619739
0.019403,-0.059465,-0.077815
0.021531,-0.012464,-0.526009
-0.011585,-0.023822,0.605497
0.006903,-0.035230,0.793636
-0.039639,-0.012887,-0.476951
-0.061051,0.364520,-0.059688
-0.008731,-0.013224,-0.272536
-0.017933,-0.058460,-0.164734
-0.036533,-0.019403,-0.431176
-0.014640,-0.063467,0.612466
-0.008000,-0.063341,-0.249147
0.016619,0.005143,-0.363182
0.022428,-0.027371,-0.041631
0.019287,-0.004251,-0.413298
-0.024967,-0.041571,0.569647
0.025940,0.129606,-0.201950
0.002155,0.262340,-0.088808
0.012439,0.135783,-0.170141
0.023016,-0.064162,-0.800188
0.026578,-0.025874,0.073367
0.018034,-0.020002,-0.014964
-0.023079,-0.037582,0.800561
-0.016375,-0.064467,-0.709056
0.033079,-0.034238,0.160367
-0.030525,-0.020449,-0.771613
0.017287,-0.050390,0.639954
0.024333,-0.036867,-0.248200
-0.027413,-0.042262,0.691677
-0.020609,-0.051450,-0.344196
0.015817,0.101829,-0.200166
0.021192,-0.053386,0.450556
0.022115,-0.014773,-0.807500
-0.012945,0.273044,-0.103982
-0.027167,-0.027062,0.866411
-0.025595,-0.026627,-0.144764
-0.028089,0.320965,-0.094817
-0.038979,-0.031144,-0.817789
-0.017130,-0.074043,0.787562
0.004494,-0.022743,0.459043
0.002558,-0.061753,0.430688
-0.028215,-0.019851,-0.356915
-0.006153,-0.032353,0.750862
-0.007516,-0.002671,-0.600368
-0.017887,-0.046908,0.447331
0.009015,-0.038656,0.708742
0.002370,0.217425,-0.136111
-0.024008,-0.060491,-0.136741
-0.026809,-0.052140,0.638992
-0.036789,-0.056361,-0.655413
0.014446,-0.009337,0.308389
-0.016082,-0.027354,0.527055
-0.034535,0.371857,-0.061455
0.004935,-0.062836,0.492141
0.012683,-0.034721,0.912750
0.039492,-0.028028,-0.652929
-0.016516,-0.023426,0.846069
0.011488,0.082735,-0.291304
0.037007,0.143360,-0.178543
0.009796,-0.061733,0.570735
0.020339,-0.034455,-0.113364
0.031674,-0.034953,0.134008
-0.018662,-0.041229,0.368770
0.010318,-0.038476,0.820039
0.017715,-0.043820,-0.156471
0.009353,0.171011,-0.145503
0.017842,-0.058872,0.981025
0.031183,-0.022505,-0.737838
0.009719,-0.000596,-0.686310
-0.015022,-0.064777,0.954612
0.036834,-0.034668,0.213510
-0.012922,-0.053232,-0.546840
0.025053,-0.009757,0.328344
-0.016707,-0.030877,0.330801
0.015089,-0.050991,-0.319167
0.019695,0.023982,-0.346985
0.000764,-0.051319,0.277997
-0.019974,0.003386,-0.366168
-0.011550,-0.066888,-0.827958
0.019359,-0.016307,-0.346055
-0.011650,0.002793,-0.702766
-0.013587,-0.032275,0.242065
-0.003788,0.241233,-0.094019
-0.010353,-0.065463,-0.682857
-0.000592,0.003112,-0.738425
-0.000931,-0.061244,0.337483
-0.031207,-0.052430,0.862866
0.017671,0.205889,-0.146212
0.000871,-0.032032,0.986908
0.026501,-0.020599,-0.579969
-0.031701,-0.018643,-0.746935
0.038748,-0.044412,-0.722528
-0.036610,-0.028450,-0.391170
-0.006862,-0.048601,-0.590706
0.035066,-0.049728,-0.782561
0.028606,-0.034214,-0.399005
-0.056244,0.346970,-0.070712
0.018839,-0.071759,-0.710186
0.040330,-0.049722,0.305510
-0.017348,0.252383,-0.106101
0.019037,-0.064505,-0.666133
0.016130,-0.005890,-0.561696
0.030702,-0.027851,0.366165
0.016428,0.057810,-0.269882
0.018390,0.047228,-0.294499
0.007831,-0.059938,-0.390878
0.022935,-0.039228,-0.350437
0.042469,-0.044577,-0.640636
-0.023035,0.009393,-0.399028
0.030154,-0.053050,0.360386
-0.011612,-0.068039,0.886096
-0.004176,0.238369,-0.124258
-0.026746,-0.046523,-0.393797
0.034785,-0.063561,-0.758464
-0.021003,-0.060635,0.065155
0.038509,-0.041814,0.325564
-0.028958,-0.060814,-0.202163
0.024396,-0.045080,-0.275401
0.001471,-0.001496,-0.764727
0.000737,-0.012033,0.260094
-0.017108,0.006724,-0.460986
-0.030200,-0.057832,-0.789409
-0.037040,-0.027911,-0.521953
-0.005105,-0.064994,-0.096434
-0.036027,-0.045998,-0.511331
0.005273,0.101261,-0.223066
0.001407,-0.071895,0.064860
-0.028789,-0.057286,-0.181894
0.012161,-0.014789,0.037745
0.029644,-0.049418,0.064514
0.028416,-0.043379,0.011019
0.018881,-0.047346,-0.829988
-0.015525,-0.046274,0.395969
0.034673,-0.065513,-0.721222
0.035438,-0.058508,-0.684464
0.003456,-0.069315,-0.790388
-0.034428,-0.018352,-0.675306
-0.029551,-0.024740,-0.206552
0.018355,-0.056884,0.234016
0.007652,-0.070032,0.136805
-0.020167,-0.030535,0.891842
-0.018283,-0.026998,0.083347
0.010190,0.003305,-0.637037
-0.024436,-0.034616,-0.048310
-0.001011,0.003469,-0.494894
-0.000556,-0.056717,0.209205
0.020167,-0.049733,0.954796
-0.015268,-0.067128,0.654766
0.025208,-0.052615,-0.492469
-0.006804,-0.016438,-0.050021
0.000497,-0.066326,0.847493
0.012577,-0.032108,0.597603
-0.002435,-0.062548,-0.481807
0.029870,-0.051565,0.037358
-0.005898,-0.022567,-0.833324
-0.002213,-0.061363,-0.454637
0.010962,-0.070846,0.038909
0.007116,0.124219,-0.185405
-0.019731,-0.005342,-0.538756
-0.034411,0.279382,-0.090183
0.032228,0.162519,-0.173508
-0.035863,-0.037310,-0.473836
-0.003260,-0.015416,-0.223154
0.039204,-0.030632,-0.698479
0.027439,-0.018202,-0.492871
0.016618,-0.065205,0.002684
0.026794,-0.036743,0.425330
-0.013339,-0.060056,-0.519395
-0.001553,-0.063391,-0.174459
-0.026061,-0.034958,-0.833300
-0.007824,0.009053,-0.425104
0.023866,-0.052302,-0.041636
0.036413,0.109136,-0.193456
0.017070,-0.041750,0.861194
-0.012464,-0.018546,0.048403
-0.025555,-0.051308,0.023124
0.015532,-0.061523,0.377954
-0.022695,-0.049455,0.526153
-0.004684,-0.059732,-0.631008
0.006174,0.001214,0.359531
-0.038978,-0.045520,-0.771923
-0.026731,-0.041831,-0.004954
0.028654,-0.037155,0.398775
-0.023033,-0.059541,-0.110004
-0.024944,0.340758,-0.086519
0.014246,-0.057528,0.622087
0.020431,-0.050400,-0.427499
0.003527,-0.068280,0.990241
0.006937,-0.069509,0.893141
0.005570,-0.066946,0.787466
0.017809,-0.040530,0.536109
-0.004437,-0.016315,0.074298
-0.017026,0.305030,-0.094885
0.034125,-0.050706,0.196528
0.026221,-0.025416,0.028570
0.018546,-0.074093,-0.757608
0.013757,-0.053794,-0.371684
-0.009331,0.013449,-0.350441
-0.016189,-0.076110,0.751155
-0.020719,-0.034289,0.675367
0.023833,-0.004121,-0.458067
0.035701,-0.026507,0.231288
-0.026111,-0.051483,-0.030771
0.007825,-0.066545,-0.301344
0.014859,0.070499,-0.305814
0.008874,0.229055,-0.101942
0.004845,0.088507,-0.253141
0.018904,-0.038684,0.502429
-0.012089,-0.055870,0.172747
-0.004066,-0.058439,0.412896
0.003364,-0.065144,0.552952
-0.024112,-0.066285,0.690651
0.007179,-0.015889,0.134134
0.003243,-0.031543,0.675689
-0.015983,-0.059765,0.110800
0.024434,-0.051011,-0.521873
-0.037802,-0.027833,-0.657307
0.008956,-0.020394,0.424162
-0.003942,-0.026199,0.632352
0.017758,-0.005889,-0.662455
-0.014271,-0.030196,0.188753
0.028334,-0.052088,-0.463678
0.019578,-0.035998,-0.308207
0.024620,-0.057776,0.081085
0.040545,-0.023713,0.294967
0.021660,-0.037595,0.468224
0.006771,0.211331,-0.110971
0.013549,0.239815,-0.117585
-0.013769,0.308948,-0.073734
0.011119,-0.022096,-0.198623
0.006442,-0.063146,0.821301
0.007047,-0.004928,-0.800056
0.009964,0.057674,-0.327796
-0.026183,-0.008686,-0.693618
0.013457,-0.045362,0.683537
-0.027925,-0.049963,-0.065538
-0.029558,-0.054667,0.784423
-0.014302,-0.018946,0.011895
-0.029507,-0.047931,-0.490835
0.008569,-0.002685,-0.544148
0.001275,0.009509,-0.451571
0.019482,-0.011590,0.260430
-0.026611,-0.042819,-0.457846
-0.007677,-0.016838,-0.076152
0.040230,-0.036351,0.258418
0.013472,-0.070266,0.108538
-0.006626,-0.045774,0.260921
0.006733,-0.027179,0.570531
-0.022471,-0.051352,-0.308246
0.025573,0.098691,-0.250803
0.013633,-0.061299,0.396444
-0.012801,-0.057895,-0.363789
-0.024995,-0.016888,-0.564555
-0.013856,-0.049045,0.328476
-0.015554,-0.060504,-0.292741
-0.033721,-0.029020,-0.314101
-0.029113,-0.052447,0.726255
0.017405,-0.047947,0.605856
0.019158,-0.041639,0.881197
0.026190,-0.026555,0.099701
-0.021672,-0.056315,0.905684
-0.008658,-0.015021,-0.247774
0.010954,-0.022443,-0.156814
0.032230,-0.029359,-0.815574
-0.012212,0.003724,-0.721180
0.030253,0.175115,-0.146410
0.006801,-0.018734,-0.121733
-0.003824,-0.070724,0.100876
0.008367,-0.063294,-0.240567
-0.007969,-0.064280,0.146194
-0.039853,-0.016772,-0.497251
-0.018898,-0.056648,0.552526
-0.019463,-0.057533,0.938373
-0.009519,0.002250,-0.511066
0.018598,-0.036476,-0.189727
-0.021515,-0.027573,-0.109320
0.008629,-0.050403,-0.336270
-0.040122,-0.047569,-0.171339
0.033631,-0.013938,-0.627438
0.004175,0.016248,-0.390613
0.006862,-0.068670,0.920661
-0.010650,-0.030192,0.946987
0.003441,-0.029513,0.837898
0.024964,-0.012981,-0.430239
-0.021256,-0.039370,0.759750
0.026338,-0.016337,-0.401659
-0.025135,-0.064828,0.822065
0.023409,0.204038,-0.125174
0.009308,0.002278,-0.618599
0.007031,-0.071271,-0.069174
-0.032944,-0.037160,-0.430232
0.000727,-0.072171,-0.709961
-0.031675,-0.041992,-0.260124
0.012387,-0.044980,-0.556840
0.014673,-0.060173,0.467087
-0.016629,-0.027138,0.561411
-0.023946,-0.033324,0.586955
-0.024521,-0.053802,-0.832723
-0.007692,-0.023511,0.509921
-0.034707,-0.009669,-0.448951
-0.009362,-0.068973,-0.040729
0.030761,-0.035199,-0.527848
0.010046,0.137731,-0.199448
0.008798,-0.015870,-0.281127
-0.020279,0.280110,-0.076843
-0.012290,-0.029166,0.206628
0.031351,-0.058534,-0.638193
-0.005904,-0.066099,0.587397
0.015607,-0.061402,-0.452151
0.016955,-0.040914,0.980397
0.013308,-0.059083,-0.164912
-0.032897,-0.031552,-0.281913
0.024019,-0.012598,0.292550
-0.023642,-0.038614,0.907476
-0.024154,0.327288,-0.062181
0.039211,-0.041685,-0.765081
-0.015422,-0.039100,0.311889
-0.012451,-0.024920,0.876248
0.018286,0.036881,-0.334797
0.030854,0.069244,-0.257090
0.021357,-0.015630,0.195748
0.020718,-0.028884,-0.283426
0.013496,-0.063920,0.946455
-0.033684,-0.041222,-0.135152
0.005677,-0.015668,0.108954
-0.024583,-0.034553,-0.083019
0.011286,-0.063012,0.761034
-0.021382,-0.068260,0.724642
-0.023454,-0.052220,0.970446
0.027914,-0.011995,-0.696120
-0.017499,-0.034034,0.931161
-0.019410,-0.032291,0.482835
0.025314,-0.059428,0.098651
-0.013929,-0.051883,-0.606533
-0.008304,-0.069322,-0.058333
0.030942,-0.035395,-0.491220
-0.010344,-0.020812,0.100594
-0.042131,0.303730,-0.076336
0.026104,-0.055330,0.249715
0.002691,0.149364,-0.175565
0.031226,-0.016778,-0.598455
0.017596,-0.047198,-0.604747
0.003021,-0.018675,-0.181333
-0.028484,-0.032314,0.831963
-0.054518,0.369036,-0.079836
-0.021657,-0.058102,-0.013291
-0.004503,-0.017306,-0.147046
-0.026592,-0.050148,0.612638
-0.000786,-0.070449,0.664267
0.006063,-0.062447,-0.191359
-0.001577,-0.062853,0.474327
-0.016117,-0.067056,0.021353
0.029006,-0.039440,-0.368672
-0.023870,-0.014185,-0.788653
-0.014980,-0.054113,0.464881
-0.025922,-0.057725,-0.227291
-0.008344,-0.068621,-0.005362
-0.020214,-0.024866,0.030124
-0.013430,-0.031625,0.971293
0.019379,-0.060129,0.199693
0.008812,-0.016987,-0.084769
0.014884,0.096492,-0.267901
-0.032314,-0.032478,-0.616801
0.020158,-0.019147,0.055587
-0.008511,-0.004060,-0.574336
0.024100,-0.053420,0.433529
-0.002955,-0.064474,-0.207541
0.035490,-0.058124,0.286046
0.001821,-0.012872,0.012230
0.018659,-0.007321,-0.763172
0.002454,-0.015110,0.161435
-0.038732,-0.018042,-0.412041
0.027707,-0.028338,0.383085
0.017647,-0.003577,-0.728977
0.012982,-0.051510,0.786058
-0.007660,0.034430,-0.365732
-0.013862,-0.019687,-0.023266
-0.025985,-0.017861,-0.601045
-0.023110,-0.043443,0.084107
-0.027039,0.355711,-0.072326
0.006048,-0.071675,-0.773649
-0.018678,-0.002465,-0.739809
0.000771,0.181117,-0.159430
0.000141,-0.064794,-0.265472
0.007283,0.074205,-0.265318
0.019812,-0.059775,-0.059862
0.012651,-0.016167,0.073868
0.007329,-0.063990,-0.223639
0.007362,0.183830,-0.134579
0.022921,-0.027467,-0.068070
0.010061,0.117477,-0.223859
-0.031558,-0.051979,-0.638051
-0.029884,-0.027408,-0.189869
-0.020448,-0.026164,-0.005187
-0.035030,-0.036013,-0.234865
0.001404,-0.068398,0.621106
0.026498,-0.019911,-0.509611
-0.001020,-0.011705,-0.296270
-0.005554,-0.017462,0.241110
-0.014322,-0.056919,0.995053
0.012636,-0.046005,0.751799
0.009784,-0.062957,-0.121261
0.018243,-0.059915,0.267177
-0.000191,-0.025646,0.536185
0.028568,0.076679,-0.230242
0.027244,0.144954,-0.165075
-0.014378,-0.064666,0.629128
-0.008747,-0.029030,0.800952
0.030973,-0.042472,0.115854
0.013118,-0.042807,-0.589304
-0.025010,-0.033676,0.604823
0.034431,-0.048945,-0.799190
0.011342,0.150876,-0.161431
-0.004015,-0.026883,0.649510
-0.024799,-0.048179,-0.324395
-0.033435,-0.052548,0.846399
-0.021786,-0.009160,-0.634832
0.013318,-0.018901,-0.320434
-0.015259,0.056676,-0.311203
0.016408,-0.059546,-0.274232
-0.014277,-0.034669,0.734564
0.011154,-0.035056,0.640775
-0.029826,0.312734,-0.067487
-0.025409,-0.062496,0.751155
0.027325,0.105739,-0.235071
-0.021729,-0.048498,0.508830
-0.013287,0.035576,-0.332675
-0.024780,-0.017332,-0.280896
-0.015946,-0.008665,-0.772570
0.010518,-0.060176,0.862060
-0.016382,-0.040113,0.171432
-0.024156,-0.015538,-0.339184
0.007086,-0.012909,0.213930
-0.022919,-0.044318,-0.556187
-0.018245,-0.034689,0.118858
0.018921,-0.030040,-0.230964
0.016715,0.163763,-0.178301
-0.006938,-0.053020,-0.566081
0.004035,-0.065367,0.517904
0.021048,-0.045470,-0.214122
0.024903,-0.014390,0.231668
0.003478,-0.014401,0.178964
-0.046857,0.366342,-0.052054
0.022243,-0.033636,-0.563963
-0.006001,0.215607,-0.122363
0.006680,-0.021279,0.441773
-0.013938,-0.017570,-0.181746
-0.001143,0.001288,-0.670340
0.018467,-0.039372,0.519342
-0.029110,-0.029594,-0.580981
-0.007266,-0.022720,0.372245
-0.024867,-0.035347,0.816532
-0.022814,-0.055456,-0.259437
0.009233,-0.017525,-0.050380
-0.046105,0.333207,-0.083771
0.000994,-0.032643,0.776291
-0.008202,-0.018735,-0.110895
0.013566,-0.033271,0.553364
-0.028116,-0.043304,0.708975
-0.006363,-0.046498,0.243722
-0.018304,0.287712,-0.100400
0.007772,0.005613,-0.424198
-0.024368,-0.020510,-0.248330
0.012053,0.036803,-0.315240
0.027314,-0.053269,0.397903
-0.004863,-0.017158,0.301792
0.000482,-0.050727,0.293909
0.010834,-0.061086,0.535841
-0.007481,0.044753,-0.350340
0.008999,-0.026364,0.502283
0.016707,-0.030724,0.485427
0.017424,-0.054342,0.501851
-0.000560,-0.074288,0.751445
0.009391,-0.034911,-0.831720
-0.023197,-0.027365,-0.127366
0.002928,0.016601,-0.341285
0.021291,-0.023313,0.134319
-0.063031,0.380049,-0.061721
-0.041806,0.316426,-0.089072
-0.029932,-0.022450,-0.297521
-0.016142,-0.076080,0.769299
0.012070,-0.018412,0.390956
-0.008576,-0.042231,0.995265
-0.016788,-0.027908,0.544049
0.023937,0.013978,-0.373383
-0.005919,-0.055238,-0.336761
0.006901,-0.015377,0.362004
0.020812,-0.011705,-0.543015
0.013760,-0.059081,-0.148216
0.007438,0.000044,-0.600803
0.002720,-0.008539,-0.334963
-0.035173,-0.051307,-0.718343
-0.040303,0.371994,-0.076014
-0.020813,-0.062464,-0.092165
-0.021023,-0.063712,-0.666903
0.005339,0.093545,-0.237482
-0.015699,-0.030174,0.349908
-0.006815,-0.010730,0.334740
-0.001925,-0.059796,-0.402136
0.017703,-0.041548,0.895876
0.025418,-0.043827,-0.409711
0.021604,-0.061593,0.181500
0.009452,-0.029759,0.873988
-0.003672,0.075975,-0.292818
0.006686,-0.015428,-0.831184
0.027764,-0.012011,-0.387790
-0.037530,-0.052698,-0.686876
0.004423,-0.061283,-0.321938
0.008818,0.247771,-0.097039
-0.013930,0.264295,-0.082749
-0.026295,-0.064255,-0.806573
0.036445,-0.023409,0.333547
-0.001307,0.274514,-0.095812
0.002793,-0.062681,-0.648376
-0.034231,-0.022647,-0.377771
-0.015372,-0.008932,-0.826145
-0.027561,0.003827,-0.380653
-0.023169,-0.061703,0.869828
0.010349,-0.062012,0.329067
0.010424,-0.057691,0.217960
0.038184,-0.055753,-0.730797
-0.012425,-0.069314,-0.745635
-0.042825,-0.048826,-0.665578
0.018532,-0.004475,-0.703327
0.023554,0.090212,-0.201438
0.030539,-0.021655,-0.466063
-0.037187,-0.055198,-0.742733
-0.022160,-0.050936,-0.420737
-0.034046,-0.003352,-0.468435
-0.000109,-0.059112,-0.829677
-0.009672,0.006692,-0.478901
0.005107,-0.058527,-0.419831
-0.010332,-0.052224,0.367087
0.039898,-0.036030,-0.612525
0.025121,0.057531,-0.300857
0.013429,-0.003734,0.332855
0.037338,0.096900,-0.219691
-0.013579,-0.035117,0.225055
-0.031972,-0.018687,-0.530847
-0.020365,-0.045952,-0.590000
0.037497,-0.032650,-0.754908
0.035770,-0.032991,-0.730300
-0.029151,-0.002384,-0.496441
-0.035877,-0.008040,-0.402110
0.019126,-0.046659,-0.361290
0.018667,-0.073921,-0.729826
0.026456,-0.002981,-0.368127
-0.010515,-0.057117,-0.464642
-0.042970,-0.023376,-0.485690
-0.001135,0.002806,-0.693880
-0.017481,-0.066334,0.858156
0.000549,-0.054416,-0.548690
-0.037841,-0.057964,-0.192068
-0.027215,-0.030336,-0.564223
0.030704,0.084134,-0.211685
0.041308,-0.030696,0.276652
-0.015821,0.238912,-0.099918
0.008775,-0.073610,-0.739136
-0.013819,-0.067661,-0.762470
-0.025950,-0.048768,-0.374667
-0.033557,-0.015810,-0.730317
-0.037498,-0.041318,-0.808921
-0.023680,-0.066360,-0.752730
0.034742,-0.020780,-0.688384
-0.030719,-0.041103,-0.539807
0.024716,0.017443,-0.360315
-0.011652,0.001361,-0.685131
-0.004112,0.202995,-0.132798
-0.040744,-0.027661,-0.505223
-0.018660,-0.066140,-0.726055
-0.029567,0.353050,-0.055156
-0.009014,-0.017505,0.277319
-0.004171,-0.060824,-0.373731
-0.040473,-0.033388,-0.694087
0.012180,-0.067557,-0.807429
0.033750,-0.051442,0.333749
0.003889,-0.000661,-0.563662
0.024338,-0.061792,0.153998
-0.034092,-0.035416,-0.352780
-0.029491,-0.024127,0.849737
0.040749,-0.047800,-0.669375
-0.024741,0.266803,-0.100510
0.027131,-0.066703,-0.691067
0.038438,-0.030222,-0.670418
0.009574,-0.073285,-0.719968
0.025011,-0.011568,-0.721178
-0.021363,0.000216,-0.712093
0.025743,-0.013887,-0.753938
0.001966,-0.073431,0.029375
-0.021050,-0.055980,-0.509090
0.036321,-0.030193,-0.772452
0.005931,-0.065230,-0.492026
0.037190,0.127224,-0.186433
-0.030796,-0.002724,-0.431776
0.026889,-0.029920,-0.359711
0.006951,0.111606,-0.199108
-0.034594,-0.050266,-0.799346
-0.032544,-0.015102,-0.711867
-0.050179,0.336749,-0.064910
0.012425,0.226452,-0.130852
-0.027097,-0.055950,-0.694466
-0.014578,-0.058574,-0.639673
-0.037960,-0.023679,-0.720674
0.040219,-0.022785,-0.635644
0.016489,-0.064120,0.348844
-0.008131,-0.044967,0.285767
0.022393,-0.052308,-0.400092
0.008773,-0.067630,-0.673770
-0.001884,-0.026078,0.897719
-0.040027,-0.049543,-0.201927
-0.035548,-0.025747,-0.806313
0.000885,-0.003059,-0.781836
-0.032266,-0.040357,-0.383602
0.014082,-0.043183,0.845146
-0.004269,-0.063676,-0.510631
0.027002,-0.061745,0.295900
-0.009110,-0.070297,0.831597
0.038076,-0.020338,-0.616589
-0.012051,-0.055505,-0.448104
-0.014832,-0.003470,-0.617732
0.009500,-0.000614,-0.353866
-0.003746,-0.024781,0.866515
0.000750,-0.070242,-0.814650
-0.037192,-0.027901,-0.421300
-0.008944,0.000625,-0.748279
0.022214,-0.057629,-0.628952
0.014618,-0.069517,-0.783715
0.004389,-0.067448,0.872794
0.023055,-0.037395,-0.292976
-0.020792,-0.019229,-0.214406
-0.012210,-0.023194,0.258391
0.022475,0.113028,-0.184914
-0.034544,0.332361,-0.056277
0.032607,-0.021475,-0.661770
0.016927,0.032546,-0.361212
-0.008098,-0.068738,-0.700049
0.037282,-0.043152,0.223292
-0.005864,0.036061,-0.322079
0.018082,-0.049700,0.990157
0.030699,-0.021339,-0.781001
-0.041264,-0.044955,-0.735977
0.030066,-0.036904,-0.437824
-0.008562,-0.069965,-0.718653
-0.033196,-0.033241,-0.161966
-0.015904,-0.005525,-0.355492
0.012033,-0.063630,-0.087557
-0.010705,0.000557,-0.661223
-0.037853,-0.025980,-0.738203
0.017870,0.001363,-0.469105
-0.027049,-0.011248,-0.667532
0.007121,-0.057445,0.302634
0.028635,-0.021709,-0.798721
0.025442,-0.014290,-0.771635
-0.023560,-0.052335,0.074856
-0.022940,-0.051822,0.056041
0.010070,-0.011113,0.269126
0.027619,-0.061221,0.275804
0.010326,0.007102,-0.460304
0.030846,-0.041379,-0.456128
0.014917,-0.009696,-0.816780
0.018202,-0.001711,-0.628416
-0.014121,-0.054808,-0.429904
0.034001,-0.043787,0.352453
0.021487,-0.032358,-0.580246
-0.004929,-0.060957,0.197514
-0.000396,-0.073259,0.689719
-0.014653,-0.066999,0.056086
0.003025,-0.018593,0.381791
-0.018429,-0.025684,0.057135
-0.007909,0.008613,-0.442765
0.028031,-0.038488,-0.829312
0.025503,-0.051813,-0.024163
0.027345,-0.033873,0.002596
-0.013056,0.045071,-0.315989
-0.031609,-0.025366,-0.633492
0.034021,-0.026604,0.204057
-0.036382,-0.027995,-0.763189
0.009154,0.003850,-0.478859
0.022049,-0.062382,-0.648098
-0.016302,-0.039884,0.276521
0.020399,-0.049782,0.971958
0.030166,-0.043438,0.027586
-0.008476,0.055345,-0.299920
0.001699,-0.019601,0.398189
0.007451,-0.064546,-0.462558
0.037655,-0.049447,-0.629620
0.043060,-0.032851,0.305447
-0.013975,-0.030205,0.405054
-0.017715,-0.069730,0.671927
0.022025,-0.063312,-0.815729
0.041727,-0.038613,-0.660705
-0.025858,-0.057645,-0.154888
0.029972,-0.057098,-0.808078
0.010580,-0.015551,-0.005749
0.010243,0.099798,-0.211515
-0.006626,0.025130,-0.336103
0.030795,-0.058405,-0.791605
-0.002199,-0.024088,0.597013
-0.039560,0.383128,-0.064260
-0.023602,-0.063683,-0.770880
-0.039961,-0.032761,-0.711608
-0.038181,-0.022925,-0.831655
0.028379,-0.033953,0.019435
-0.029671,-0.041721,-0.099496
0.010014,-0.001561,-0.755433
0.011002,-0.015542,0.020773
0.034342,-0.049173,0.161208
0.030697,-0.025112,-0.482837
0.012717,-0.048115,0.811714
0.016803,-0.067682,0.145146
0.037313,-0.025706,-0.604934
-0.019733,0.020736,-0.368325
0.018908,-0.058533,-0.513423
0.031058,-0.026174,0.177380
0.007380,0.045401,-0.300271
-0.002519,0.022860,-0.382292
0.025181,-0.057503,0.047385
-0.000744,-0.073922,0.716122
-0.028919,-0.058280,0.682280
0.002192,-0.008385,0.323287
0.019466,-0.006378,-0.592001
-0.014196,-0.030572,0.379104
0.020277,-0.059674,-0.827795
0.003206,-0.030085,0.972154
0.018024,-0.063889,0.072396
0.028260,-0.045251,0.416288
0.018652,-0.066741,0.029949
0.025863,-0.044148,-0.077492
-0.017208,-0.065553,-0.031627
0.013774,-0.046346,0.700126
0.016216,-0.002981,-0.486616
-0.039144,-0.025361,-0.684505
-0.021898,-0.021111,-0.164132
0.028945,0.062169,-0.273038
-0.007774,0.002088,-0.644471
-0.019664,-0.027710,0.614395
0.017895,-0.067852,-0.682603
-0.000618,-0.066065,-0.311571
0.025617,0.077067,-0.279813
-0.001356,-0.070893,0.903053
0.023644,-0.026276,-0.024176
-0.032725,-0.035901,-0.448943
0.034513,0.077952,-0.241988
-0.019424,0.001014,-0.503608
0.015526,-0.055150,0.579626
0.022632,-0.059028,-0.006296
0.010135,-0.070855,0.020343
0.033242,0.119780,-0.204205
-0.014006,-0.058390,0.137041
0.020500,0.087660,-0.274619
0.007498,-0.064121,0.647564
0.004481,-0.027725,0.615012
-0.016714,-0.059948,-0.146790
-0.012699,-0.029315,0.667287
0.000978,-0.051895,0.235030
0.029617,-0.044051,-0.482412
-0.024211,-0.013165,-0.763787
-0.020759,-0.060352,0.030887
-0.021445,-0.057765,0.621144
-0.000056,-0.067540,0.155182
-0.035567,-0.010586,-0.422382
0.039086,-0.049194,0.276111
0.023654,-0.036576,-0.266396
-0.036071,-0.033837,-0.181252
0.023099,-0.063141,0.134799
0.035969,0.085582,-0.224575
0.019479,-0.043280,-0.122120
0.032113,-0.041423,0.055292
-0.017190,-0.072986,0.698448
0.011113,-0.061624,-0.523585
-0.037773,-0.031419,0.861724
-0.039739,-0.019159,-0.465808
0.023770,-0.059397,0.368957
0.012417,-0.060828,-0.312147
0.033721,-0.016947,0.302766
-0.022925,-0.004328,-0.522094
-0.017773,-0.063339,0.896272
-0.036361,-0.007419,-0.487735
0.040272,-0.043266,-0.706281
-0.036610,-0.032243,-0.199140
-0.017926,-0.072078,0.805179
-0.006240,0.060212,-0.327042
0.002206,-0.072114,0.047545
-0.033841,-0.028351,-0.341909
0.016876,-0.053629,-0.532159
-0.001335,-0.070511,0.805199
0.002494,-0.071768,0.081916
0.022970,0.068583,-0.295782
-0.005856,-0.030242,0.709654
0.015084,-0.022603,-0.247981
0.029103,-0.025604,-0.535430
0.013742,-0.044056,0.666633
-0.023457,-0.058411,-0.073330
0.013700,-0.046497,0.717026
-0.022128,-0.070166,0.742075
0.019776,-0.026830,-0.103691
0.035112,-0.039160,-0.807291
0.007801,-0.069567,-0.031598
-0.035715,-0.028402,-0.439554
0.017197,-0.040954,0.938130
0.003207,0.111261,-0.210834
-0.020367,-0.034685,0.092735
0.003069,0.135843,-0.185236
0.014827,-0.068611,0.126905
-0.034776,-0.055438,-0.211581
-0.012346,-0.062074,0.526257
0.023218,-0.043161,-0.095870
0.029702,-0.033474,0.082532
-0.006184,-0.058943,0.438869
0.030089,-0.057362,0.323438
-0.004225,-0.015672,-0.206552
0.006748,-0.069136,0.734153
-0.009184,-0.061184,-0.156425
-0.027339,-0.042626,-0.039202
-0.018635,-0.026755,-0.032113
-0.021245,-0.047725,0.491241
-0.027800,-0.053944,0.759762
0.020957,-0.059263,-0.483053
-0.025790,-0.058060,-0.647031
-0.038960,-0.038484,-0.209456
0.026991,-0.062499,-0.675274
0.024569,-0.045634,-0.239595
-0.020897,-0.056866,0.604078
-0.021991,-0.036043,0.700768
0.007093,-0.069069,0.708013
0.009134,-0.038030,0.692397
0.018370,-0.044923,-0.173253
0.017157,-0.021487,-0.058961
-0.000263,-0.065029,-0.665808
-0.016390,-0.034341,0.136939
0.030612,-0.019938,0.222287
-0.002354,-0.071150,0.972675
0.038132,0.107849,-0.205510
-0.025976,-0.061358,0.734043
0.004378,-0.061317,0.404458
-0.005267,-0.019768,0.153022
0.003856,-0.057149,0.319442
0.025319,-0.035488,-0.050325
-0.008625,-0.076581,0.779134
0.019273,0.122932,-0.217538
0.024757,-0.052362,-0.068487
0.001009,0.040221,-0.357901
0.017069,-0.020588,-0.032789
0.006429,-0.026763,0.588471
0.023550,-0.014475,-0.790169
0.004738,-0.019197,-0.139258
-0.027731,-0.045875,0.792726
-0.019656,-0.056531,0.587051
-0.007175,-0.070751,0.073904
0.015061,-0.042925,0.649456
-0.021144,-0.059847,0.646610
0.030081,0.073565,-0.268757
-0.016086,-0.030993,0.447484
0.029751,-0.027662,-0.500611
0.002082,-0.013615,-0.014316
0.020016,-0.049567,0.912189
-0.019790,-0.029898,0.632081
0.022415,-0.058792,0.388177
-0.034500,-0.029107,-0.216822
0.000932,-0.063603,-0.129876
-0.033981,-0.047559,-0.828193
0.008480,-0.068803,-0.005667
0.024274,-0.025784,-0.006221
0.030831,-0.033057,0.064475
-0.016689,-0.067469,-0.796907
0.012685,-0.056467,-0.620955
0.020544,0.126881,-0.172058
-0.018842,-0.027219,0.596190
-0.025201,-0.038364,0.657948
-0.012097,-0.007584,-0.808428
0.010366,-0.003429,-0.772830
-0.020917,-0.052136,0.093028
-0.033896,0.310010,-0.095755
0.008246,-0.064103,0.630507
-0.007611,-0.064167,-0.301211
0.005817,-0.029711,0.921466
-0.027306,-0.047843,-0.283691
-0.037361,0.328179,-0.091646
-0.016050,-0.063847,0.921334
-0.013248,0.017339,-0.391664
0.010158,-0.015714,-0.023498
0.016025,-0.041486,0.631687
-0.034760,-0.027817,-0.780297
-0.005505,-0.023710,0.475198
-0.000048,-0.014524,-0.256326
0.025151,0.141316,-0.190995
-0.007076,-0.062903,0.164213
-0.014262,-0.030468,0.422248
-0.000160,-0.070173,-0.014191
-0.037583,-0.046314,-0.646933
-0.025949,0.340157,-0.052752
-0.000440,-0.020742,0.431971
-0.008729,-0.064922,0.128295
-0.028326,-0.017695,-0.642327
-0.018701,-0.056685,0.535060
0.020218,-0.020594,0.082233
-0.029696,-0.056363,-0.126869
0.007046,-0.068196,0.681606
0.023988,-0.020883,0.159399
-0.020546,-0.052276,-0.403085
-0.005695,-0.066037,0.561089
0.026140,-0.043465,-0.032921
0.026544,0.189701,-0.151756
-0.015522,0.010303,-0.408484
-0.025471,-0.036636,0.640387
-0.029013,-0.043975,0.808961
0.014471,-0.055003,0.734654
-0.062581,0.374409,-0.072588
-0.009524,0.274860,-0.078616
-0.014139,-0.026979,0.127560
-0.017608,-0.040948,0.338459
0.010881,-0.061153,0.778277
0.016817,-0.021155,-0.076376
-0.028369,0.000111,-0.478583
0.023786,-0.051788,-0.086624
-0.022158,-0.038894,0.784456
0.011085,-0.064187,-0.657040
-0.006626,-0.066578,0.603978
0.010427,0.083691,-0.242271
0.018999,-0.043797,-0.139341
0.018581,-0.047622,0.588559
0.033492,0.080610,-0.253994
-0.009277,-0.074157,0.796871
0.015444,-0.021028,-0.094009
-0.012278,-0.025006,0.623710
-0.026031,-0.047338,-0.354159
0.029988,-0.028246,-0.517669
-0.018069,-0.011310,-0.313911
-0.003470,-0.026734,0.828414
-0.008005,-0.061920,-0.138254
-0.027773,-0.047332,-0.614959
0.012099,-0.025322,0.468032
0.008839,-0.063513,0.612980
-0.017110,-0.055177,0.499929
0.000719,-0.015887,-0.093937
-0.008255,-0.044512,0.302628
0.020989,-0.059810,-0.032683
-0.014196,-0.026347,0.491903
0.031967,0.098070,-0.194965
-0.015257,-0.047595,0.180866
-0.008194,-0.077430,0.760389
-0.017982,-0.056167,0.517372
0.000484,-0.065470,0.181288
0.007477,-0.001018,-0.510633
-0.011624,-0.025174,0.456989
-0.020094,-0.047147,0.473397
0.020653,-0.029138,-0.256903
0.030987,-0.041456,0.073665
0.015611,-0.055071,0.708411
0.016097,-0.055413,0.562643
0.013569,-0.063653,0.929245
0.012533,-0.013384,0.187350
0.036736,-0.032125,-0.714759
-0.012432,-0.061935,0.543909
0.021637,0.210733,-0.135991
0.002564,-0.033277,0.717627
-0.012305,-0.020073,0.065776
-0.056800,0.357607,-0.077052
0.029510,-0.023095,-0.392288
0.016181,-0.012602,0.222649
-0.016310,0.006402,-0.433311
0.016861,-0.055463,0.544896
0.008563,0.100570,-0.258585
0.014820,-0.066228,-0.041157
-0.014475,-0.044359,0.217499
0.008386,0.060301,-0.278394
-0.013611,-0.017564,-0.155369
-0.002824,-0.022014,0.449432
0.013467,-0.063862,0.911937
-0.017864,-0.038455,0.430376
0.011187,-0.013447,0.169687
0.019389,0.113212,-0.229985
0.003678,0.065347,-0.321139
-0.017031,-0.042511,0.145821
0.026703,-0.051837,0.002324
0.025423,0.155556,-0.181376
0.019496,-0.045015,-0.198017
-0.010832,-0.060334,0.490975
0.014650,-0.021073,-0.112785
0.002245,-0.034179,0.742468
-0.018018,-0.009721,-0.798308
0.021409,-0.052272,-0.266226
0.000976,-0.015594,-0.059008
-0.019860,-0.038816,0.455877
0.011747,-0.061988,0.422817
-0.017442,-0.038136,0.413439
0.008595,-0.062468,0.448923
-0.014270,-0.032975,0.162136
0.024187,-0.029027,0.416331
-0.021797,-0.032848,0.048246
0.001301,0.054944,-0.335485
-0.028803,-0.041404,-0.057054
-0.018376,-0.021507,-0.136578
-0.012464,-0.026962,0.640968
-0.015370,-0.026960,0.109762
-0.024092,-0.067959,0.795170
-0.024904,-0.063336,-0.825639
-0.019293,-0.061587,-0.209030
0.024646,-0.045372,0.442496
-0.025570,-0.047129,0.899244
0.018869,-0.058080,0.963601
0.022752,-0.045642,0.459423
-0.013848,-0.024726,0.286345
0.013407,-0.024648,0.450960
-0.024348,0.002995,-0.423608
0.014340,-0.032362,0.527988
-0.026661,-0.046428,0.776387
-0.020883,-0.010654,-0.609354
-0.030322,-0.050776,0.700024
-0.013101,-0.020388,-0.040772
0.011900,0.068906,-0.254704
-0.005857,-0.032346,0.726281
0.018011,-0.039668,0.562311
-0.032003,-0.056046,-0.144365
-0.001626,-0.017479,0.126323
-0.031077,0.286121,-0.076104
-0.015812,-0.064949,-0.066405
-0.023701,-0.049947,0.561347
-0.001456,-0.028800,0.810298
0.002428,0.053819,-0.292869
0.011623,0.022891,-0.336257
0.010169,0.009822,-0.398559
-0.008005,-0.064350,-0.274491
0.019421,-0.035178,-0.130882
-0.018833,-0.060069,0.047437
0.015938,-0.040215,0.614728
0.021846,-0.052412,-0.249058
0.013371,-0.059799,0.484416
-0.029421,-0.023846,-0.591317
0.013498,-0.016536,0.100127
0.019096,0.060439,-0.310988
0.011258,-0.060798,0.509592
-0.023402,-0.040848,0.517676
-0.016479,-0.021818,-0.118741
-0.012177,-0.039539,0.251293
-0.014006,-0.062463,0.595724
0.015980,-0.023168,0.433643
0.014158,0.177856,-0.168350
-0.010413,-0.053073,0.404150
0.023073,-0.037131,0.451083
0.019422,-0.053977,0.476067
0.033422,0.155127,-0.163754
0.021019,-0.046008,-0.302136
-0.014114,-0.020959,-0.058138
0.008367,-0.037872,0.759622
0.017039,-0.059299,0.441245
0.002390,-0.032273,0.700908
0.022395,-0.009597,-0.580947
-0.015984,-0.032580,0.792360
-0.021731,-0.038630,0.726345
-0.016998,-0.015055,-0.264348
0.001144,-0.013645,0.232205
0.003094,0.166231,-0.154260
-0.024660,-0.055638,0.890032
-0.022215,-0.033523,0.552850
-0.008838,-0.068556,0.929347
-0.012009,-0.053631,0.430108
0.018559,-0.026913,-0.122218
0.028547,-0.044897,-0.500880
-0.034406,-0.034361,-0.372020
-0.011069,-0.055394,0.189171
-0.028619,0.293059,-0.098605
0.033563,-0.042227,0.151758
0.016332,0.176904,-0.137694
-0.013694,-0.030771,0.684106
-0.003827,-0.063665,0.500022
0.012516,-0.005087,0.351908
-0.027912,-0.042042,-0.074211
0.014932,-0.006390,-0.518426
0.032742,-0.016974,0.320824
0.024472,-0.044410,-0.257686
0.014784,-0.031739,0.511052
0.005307,0.087359,-0.282464
-0.011486,-0.024365,0.311535
0.036480,-0.042785,0.204861
-0.000595,-0.065167,-0.232213
0.002234,-0.065818,0.578950
-0.026278,-0.058899,-0.717431
0.028673,-0.027826,0.151193
0.020098,0.192902,-0.127106
-0.015632,-0.060845,-0.128505
0.000314,0.008249,-0.433503
0.030473,-0.050202,0.124650
0.028855,-0.051354,0.107472
0.021925,-0.006709,0.340346
0.018626,-0.047682,0.571158
0.016235,-0.051826,0.657670
-0.021692,-0.070542,0.759856
-0.014349,-0.000976,-0.529317
-0.014611,-0.007716,-0.592134
-0.028614,-0.043782,0.631012
-0.034091,-0.043276,-0.630661
-0.019466,-0.028586,0.825521
0.030074,-0.034161,0.107682
-0.021678,-0.033747,0.535185
-0.016281,0.290748,-0.074157
0.007499,-0.028038,0.544869
-0.023587,-0.049321,0.578260
-0.017136,-0.030792,0.808869
0.017526,-0.035899,-0.165280
0.018743,-0.057277,0.937816
0.026906,-0.020049,0.186388
0.019164,-0.029756,0.459713
-0.029809,-0.049185,0.674027
-0.034653,-0.017826,-0.814811
0.036834,-0.021783,0.267800
-0.029961,-0.043924,-0.314863
0.022799,0.169821,-0.170434
0.018746,-0.015870,0.361838
0.015153,-0.053144,0.674592
0.022694,0.054233,-0.279002
-0.010633,-0.025723,0.232654
0.025074,-0.012623,-0.737499
-0.007726,-0.020932,0.135809
-0.025096,-0.014937,-0.305392
0.014170,0.244166,-0.106834
-0.024529,0.269931,-0.081416
-0.017248,-0.061361,-0.234103
-0.022213,-0.070333,0.777358
0.012523,-0.065107,0.972413
0.014349,-0.013275,0.204880
0.017305,-0.041408,0.921030
-0.035870,-0.035663,-0.530948
0.002032,-0.063058,-0.112632
0.017560,0.163633,-0.149077
-0.008013,-0.009104,-0.328717
0.012516,-0.023315,-0.222933
-0.021599,-0.041619,0.938918
0.002638,0.123186,-0.196791
0.013022,-0.046061,0.828528
-0.016474,-0.047547,0.378229
-0.009747,-0.011036,-0.304721
0.019388,-0.048236,0.527281
-0.010801,0.240086,-0.114938
-0.009131,-0.069340,0.963488
-0.031607,-0.041833,-0.343493
-0.001185,-0.001775,-0.582977
-0.030351,-0.019609,-0.797241
-0.032413,-0.034830,-0.251092
-0.031334,-0.048719,-0.108534
0.004582,-0.029485,0.955710
-0.005195,0.000546,-0.546151
0.012792,0.192157,-0.158470
0.012687,-0.034071,0.929658
-0.034525,-0.053631,-0.162720
0.028147,0.175272,-0.161410
0.027402,-0.028246,0.125640
0.012061,-0.033858,0.947007
-0.004631,-0.016478,-0.189680
-0.017321,-0.023383,0.861674
0.015457,0.206840,-0.117076
0.000552,-0.016628,0.143533
-0.027324,-0.048865,-0.268285
-0.021853,-0.010753,-0.816688
-0.027898,-0.044615,0.648325
0.011065,-0.040848,0.802778
0.024535,-0.036684,-0.547082
0.020052,-0.036689,-0.205984
0.014986,0.047470,-0.331751
0.019518,-0.047178,0.510592
-0.015355,-0.074537,0.715587
-0.002114,-0.027761,0.930362
-0.017529,0.254319,-0.088027
-0.030348,-0.027740,-0.241712
0.021951,-0.037655,-0.222478
0.021846,-0.013147,-0.356802
-0.006585,-0.032058,0.767697
0.001687,0.179656,-0.143633
0.024215,0.060798,-0.262009
0.018644,-0.035546,-0.148208
-0.027573,-0.056182,-0.099743
-0.042147,0.355924,-0.051310
-0.007699,-0.030872,0.784213
0.034110,-0.050302,0.232954
-0.008481,0.297788,-0.090611
-0.001454,-0.025581,0.881629
-0.001118,-0.070914,0.955001
-0.009119,-0.012160,-0.288232
-0.015286,-0.060240,-0.266567
-0.015270,-0.007123,-0.565270
0.008209,-0.063453,-0.139253
0.014330,-0.051347,0.853118
-0.035951,-0.052154,-0.781351
-0.024561,-0.007055,-0.366584
0.035142,-0.042116,0.178455
-0.019876,-0.068586,-0.814950
-0.040829,0.327050,-0.064771
-0.021948,-0.051794,0.988308
0.013371,-0.021687,-0.131208
-0.014412,-0.061953,-0.102984
-0.015301,0.321523,-0.086238
-0.008445,-0.068890,0.946295
0.006203,-0.014559,-0.304563
-0.019418,-0.051143,-0.537763
-0.023625,-0.011113,-0.547698
0.027436,0.200892,-0.135287
0.019182,-0.050985,-0.113232
0.018446,-0.056919,0.920666
-0.004440,-0.028647,0.963919
0.026280,0.055002,-0.289718
0.004129,-0.018424,-0.215123
-0.031129,-0.040403,-0.275084
-0.007557,-0.070666,0.646429
-0.030503,-0.021371,-0.331875
0.006032,-0.029166,0.905169
-0.005692,0.226837,-0.123541
-0.000356,0.251445,-0.090401
-0.028386,-0.037016,0.877913
-0.005939,0.015060,-0.400432
0.006437,-0.062784,-0.156773
0.015820,0.225074,-0.110258
0.015025,-0.006692,-0.534755
-0.000964,0.073737,-0.282135
-0.029961,-0.024329,-0.609441
0.028611,-0.056669,0.188775
0.013202,0.052557,-0.286099
0.009661,0.157122,-0.183926
0.024884,-0.015346,-0.561778
0.015695,-0.066240,0.173222
0.004353,0.104074,-0.233847
0.015926,-0.045375,-0.343083
0.008510,-0.054369,-0.540858
-0.017102,-0.039091,0.387571
0.014172,-0.018502,0.125852
-0.012369,-0.040759,0.234938
-0.015598,-0.010430,-0.344147
-0.000651,0.192429,-0.133331
-0.017270,0.335935,-0.060884
0.019540,-0.005781,-0.686716
-0.017575,-0.017960,-0.239916
-0.043447,0.344016,-0.085390
0.003385,0.204728,-0.147478
-0.011888,-0.019549,0.339099
-0.005484,-0.063535,0.995821
0.034238,0.166092,-0.162573
0.031515,-0.036513,0.372989
-0.010348,-0.016040,-0.231613
-0.005949,-0.057369,-0.539348
0.000255,0.002132,-0.608919
-0.001107,0.248170,-0.120223
-0.017935,-0.061770,-0.692499
0.017469,-0.041149,-0.324751
0.020939,-0.024202,-0.338286
0.030845,-0.016512,0.346333
-0.021737,-0.050153,0.946585
0.004512,0.260674,-0.102843
0.014370,0.002787,-0.405890
-0.001893,0.218062,-0.108084
0.035643,0.131936,-0.176679
0.004298,0.098223,-0.248142
-0.018793,-0.035932,0.962774
-0.008559,0.066549,-0.295385
-0.023768,0.256008,-0.098042
0.008126,-0.047419,-0.597850
0.013289,-0.010688,0.291938
-0.013017,-0.049321,-0.574334
-0.006544,0.259545,-0.109446
-0.020232,-0.058941,0.962522
-0.007295,0.232159,-0.099818
-0.022536,0.277538,-0.101519
-0.027639,-0.023859,-0.834136
0.009345,0.213074,-0.143212
0.037696,-0.052331,-0.766486
0.016878,-0.026777,-0.313944
-0.008880,0.281731,-0.099023
0.009526,-0.057554,0.277363
-0.018409,-0.048497,-0.565007
0.025255,-0.013651,-0.662008
0.038770,-0.054469,-0.748548
-0.019389,-0.040828,0.358070
-0.016583,-0.021946,-0.833972
0.013882,-0.063280,0.882132
0.024741,-0.012010,0.309617
0.004181,0.147402,-0.185975
0.003955,0.233315,-0.129032
-0.027962,-0.044512,-0.473942
-0.002717,0.205444,-0.122370
0.022068,0.046682,-0.304511
-0.030290,-0.014152,-0.372637
-0.023798,-0.045006,0.978302
-0.010307,-0.052501,0.208193
0.034511,-0.064665,-0.701739
-0.009020,0.304281,-0.082056
-0.006782,0.002888,-0.354424
-0.016480,0.019554,-0.355443
-0.000338,-0.047538,-0.582361
0.029233,-0.055813,-0.823535
-0.001242,-0.057758,0.367204
-0.016095,0.263145,-0.106229
0.003894,-0.011312,0.300482
-0.015853,-0.031126,0.360442
0.009201,-0.000868,-0.670715
-0.041386,-0.048509,-0.181793
-0.001860,-0.061111,0.348008
0.012658,-0.057609,0.996428
-0.006398,-0.030431,0.979422
-0.033015,-0.002871,-0.390797
-0.027674,-0.022852,-0.572820
-0.020987,-0.054110,-0.490359
0.027029,-0.027618,-0.587849
0.016518,-0.037576,-0.572563
-0.001753,0.004494,-0.720439
0.005891,-0.070779,-0.079612
0.024847,-0.026931,-0.571744
0.008106,-0.073256,-0.756759
0.033763,-0.017576,-0.645455
0.018433,-0.003229,-0.646088
-0.040787,-0.042505,-0.719347
-0.004065,-0.069603,-0.771884
0.036636,-0.039402,-0.781987
0.008972,-0.012618,-0.327667
-0.040612,-0.037834,-0.656511
0.008590,0.001574,-0.728924
-0.052480,0.374520,-0.055212
-0.032155,-0.019177,-0.658500
0.031499,-0.031154,-0.457564
0.014889,0.016343,-0.377795
0.015347,0.015237,-0.350367
-0.037659,-0.026567,-0.401263
-0.019134,-0.049903,-0.457578
-0.003752,0.267587,-0.103657
-0.025006,-0.010859,-0.747578
-0.036687,-0.018488,-0.388699
-0.028096,-0.044527,-0.411176
-0.013449,-0.055674,-0.353806
-0.006490,-0.024286,0.847992
0.017244,-0.056104,-0.389588
-0.042475,-0.047452,-0.675721
0.032074,-0.060868,-0.775622
-0.027355,-0.060378,0.848873
-0.022381,0.331508,-0.090019
-0.021862,-0.029159,0.877986
-0.013487,-0.024713,0.836401
-0.000366,0.028955,-0.373201
0.037996,-0.055140,-0.649072
0.021462,-0.013310,0.276652
0.040873,-0.050432,-0.687315
-0.000680,-0.068417,-0.682157
-0.009324,0.250555,-0.113211
0.008783,-0.066073,-0.291269
-0.025871,-0.060228,0.859213
-0.036491,-0.041452,0.861884
-0.016138,-0.033005,-0.833422
0.009707,-0.056722,-0.829414
0.038371,-0.049848,0.315410
0.022966,-0.047165,-0.370893
0.027663,-0.019679,0.359202
-0.037225,-0.044601,-0.501464
0.030069,-0.027644,-0.428816
-0.039134,-0.058128,-0.666070
0.011002,-0.003319,-0.572356
-0.011669,-0.058691,-0.481584
0.040924,-0.050219,0.295532
0.003696,0.003542,0.350119
-0.010233,-0.053549,0.357172
0.017508,0.035758,-0.324891
-0.022378,0.347476,-0.075538
-0.034675,-0.037297,-0.828807
-0.018940,-0.061766,-0.657215
0.016265,0.088404,-0.212951
-0.031750,0.364399,-0.070967
-0.034201,-0.044918,-0.521066
-0.040255,-0.046802,-0.753448
-0.032441,-0.016400,-0.693858
0.043063,-0.034910,-0.642760
-0.013337,-0.058099,-0.529114
0.004657,0.008602,0.365961
0.021243,-0.009776,-0.571114
-0.011271,-0.026375,0.890842
-0.021101,-0.062533,0.879441
0.026200,-0.007488,-0.628291
0.009871,-0.062185,0.201175
0.027395,-0.052545,-0.473453
0.010720,-0.041227,0.995262
0.008245,-0.060396,0.846368
-0.035379,-0.018652,-0.514242
-0.034909,-0.036780,-0.322653
-0.011580,-0.067807,-0.086353
0.027855,-0.071063,-0.758267
0.018824,-0.070391,-0.700472
0.000234,-0.053544,0.218430
-0.006213,-0.068961,-0.788930
0.023277,0.005882,-0.378799
-0.021692,-0.022136,-0.189908
-0.017329,-0.003609,-0.651806
0.027887,-0.015010,-0.589485
-0.040051,-0.026858,-0.674933
-0.035466,-0.048044,0.854817
-0.011918,-0.058470,-0.394622
0.028021,-0.034490,-0.409286
-0.022264,-0.051250,0.039716
-0.007833,0.009519,-0.461242
-0.041560,-0.034908,-0.684599
-0.003259,-0.063017,-0.500770
0.008024,-0.060435,-0.400528
0.003322,-0.057108,-0.362825
0.033717,0.104526,-0.224357
0.015927,-0.061239,0.303668
-0.013273,-0.022010,0.329197
0.026067,-0.013875,0.241220
-0.032535,-0.001987,-0.459019
0.009335,0.000640,-0.654640
-0.019718,-0.001553,-0.693521
-0.004498,-0.057920,-0.420044
0.023596,-0.021551,0.375786
-0.014272,0.046862,-0.340223
-0.032611,-0.037864,-0.392878
0.028343,-0.012330,-0.466788
0.023690,-0.061261,0.163566
0.028352,-0.015198,0.259708
0.041716,-0.040355,-0.689322
-0.031007,-0.063188,-0.666703
-0.026200,-0.037979,0.892205
-0.008725,-0.068753,0.848478
-0.017102,-0.011788,-0.330146
-0.021602,-0.000013,-0.721672
0.022337,-0.005034,-0.448646
0.009894,-0.009978,0.251230
-0.037097,-0.049117,-0.818740
0.023721,-0.007020,-0.394895
0.036629,0.115988,-0.186771
-0.010583,0.003549,-0.494857
0.019760,-0.062576,0.330697
-0.034818,0.361042,-0.054974
0.006181,-0.068919,0.882693
-0.019361,-0.058608,-0.182787
-0.013760,0.008155,-0.358266
-0.001615,-0.059405,0.357793
0.034414,-0.064947,-0.711722
-0.026027,-0.047295,-0.333794
-0.029605,-0.050186,-0.500081
0.038932,-0.030123,-0.679919
0.010277,-0.069418,0.056307
0.011009,-0.034330,0.854611
0.014418,0.079400,-0.230127
0.018513,-0.073704,-0.739410
-0.022691,-0.067326,0.708119
0.007384,-0.061701,0.367706
-0.054232,0.346628,-0.061443
-0.037683,-0.055866,-0.752317
0.034209,-0.034474,0.354236
0.009176,-0.073748,-0.729661
0.029617,-0.021263,-0.439318
0.034687,-0.065494,-0.730701
-0.021394,-0.063502,-0.676367
-0.033483,-0.036582,-0.420505
-0.027900,-0.007630,-0.730938
0.025017,-0.039369,-0.359920
0.006044,-0.006446,-0.817432
0.036936,0.151845,-0.174340
-0.029788,-0.036765,-0.589332
0.002774,-0.000015,-0.554297
-0.032643,-0.025673,-0.368737
0.015553,-0.006251,-0.552268
-0.025079,0.355804,-0.063089
-0.041222,-0.029550,-0.474119
-0.015077,-0.050178,0.337761
-0.027948,-0.006535,-0.711892
0.026295,-0.043726,-0.400190
0.039399,-0.023325,0.285617
-0.007809,-0.003114,-0.765018
-0.006726,-0.054812,-0.556831
0.011552,-0.052549,-0.362302
-0.015533,-0.057633,-0.309331
0.008127,-0.063703,0.338289
0.026820,-0.025801,0.055302
0.007032,-0.064205,0.348165
-0.026598,-0.061957,0.839622
0.003932,-0.012623,0.047087
-0.039074,-0.056593,-0.677059
-0.048398,0.380876,-0.060824
-0.035411,-0.031786,-0.381338
0.010340,-0.069305,0.072728
0.013522,-0.056217,-0.435454
0.007064,0.021036,-0.380041
0.020510,-0.015784,-0.824292
0.007373,-0.070424,-0.059201
-0.022402,-0.066616,-0.743428
-0.026291,-0.048047,-0.384539
-0.020640,-0.026023,0.012342
-0.039787,0.294809,-0.078098
0.028322,-0.047316,-0.611214
-0.014853,-0.002840,-0.635175
-0.020369,-0.025861,-0.014570
0.004749,-0.024497,-0.832564
-0.035741,-0.017315,-0.824108
-0.027345,-0.055943,-0.172733
-0.001164,-0.071993,-0.738424
0.021869,-0.053875,-0.284066
0.028586,-0.050236,-0.454162
0.024449,-0.011894,-0.420967
-0.033889,-0.017116,-0.684547
0.012235,0.011837,-0.388955
-0.011293,-0.067237,0.989520
-0.037864,0.287752,-0.087911
0.041972,-0.046765,-0.650161
0.013903,0.114571,-0.188269
0.034405,-0.064609,-0.740004
-0.019033,-0.024539,0.039376
-0.013936,0.246605,-0.091855
-0.036154,-0.044663,0.842221
0.007850,0.000555,-0.494920
-0.009701,-0.055846,0.347725
-0.027283,-0.042356,0.004342
0.042920,-0.031969,-0.633912
0.010603,-0.034098,0.980041
-0.015749,-0.066995,0.867889
-0.049010,0.350032,-0.053551
-0.017415,0.035952,-0.344258
0.021288,-0.007114,-0.601915
0.000719,-0.051489,0.261330
0.043557,-0.041294,0.295170
-0.028545,-0.060629,-0.656119
-0.011989,-0.046947,0.319604
-0.007977,-0.071515,0.020683
-0.024612,0.003339,-0.451007
0.016984,-0.067417,0.154879
-0.039925,-0.042028,-0.703263
0.033905,-0.021503,-0.679162
0.000527,-0.056614,0.998131
0.027781,-0.021209,-0.815592
0.040777,-0.038201,0.267499
-0.026282,-0.051080,0.013873
0.042001,-0.041504,-0.631663
0.027818,-0.071715,-0.730194
0.041290,-0.038718,-0.622533
-0.008821,-0.051537,-0.831489
-0.006951,-0.061378,-0.648586
0.014213,-0.007072,0.324235
-0.004750,-0.057836,-0.437537
-0.016703,0.342639,-0.067906
0.035915,-0.055655,-0.668416
0.035359,-0.057613,0.296123
0.000274,0.002021,-0.747590
-0.043777,0.334247,-0.058694
0.031595,-0.038903,-0.602639
0.012744,-0.070315,0.099082
-0.028415,-0.039702,-0.548670
-0.003202,-0.061080,-0.383989
-0.031281,0.270960,-0.092430
-0.028719,0.348292,-0.082238
-0.042762,-0.037971,-0.665518
0.015404,-0.008875,-0.799467
-0.012768,-0.060224,-0.509376
0.034230,-0.056686,0.305490
-0.001821,-0.062441,-0.472573
0.002445,-0.056425,-0.329562
0.027875,-0.070867,-0.749014
-0.014598,-0.030919,0.179540
0.018820,-0.073236,-0.720032
0.017781,-0.063873,0.339634
0.030509,-0.033769,0.036528
-0.009633,-0.069988,-0.727833
0.036550,-0.042103,0.334591
0.034768,-0.063991,-0.749218
0.031348,-0.052967,0.351226
0.009933,-0.036053,0.837246
0.009622,-0.071292,-0.700446
0.020344,-0.019067,0.037816
-0.002669,-0.057850,0.394953
-0.015915,-0.040002,0.285932
-0.020745,-0.011697,-0.574070
0.018576,-0.057655,0.893876
-0.015537,-0.024036,0.277150
-0.000911,-0.068637,0.822274
-0.005403,0.065505,-0.319500
-0.004643,-0.069630,0.874932
-0.000570,0.269873,-0.084233
0.004251,-0.013195,0.065679
-0.001308,-0.057056,0.376570
0.009877,0.002922,-0.627773
-0.024796,-0.025699,0.841968
0.000413,-0.072378,-0.719627
-0.003055,-0.070685,0.110049
-0.006842,-0.054935,0.327572
0.019795,-0.048845,0.886882
-0.030848,-0.062162,-0.741973
-0.021071,-0.055210,-0.499491
-0.033836,-0.014853,-0.721173
-0.027901,-0.054296,0.872535
0.028178,-0.023809,-0.544479
0.024533,-0.014418,-0.781028
-0.038445,-0.016769,-0.400790
0.031659,0.092035,-0.249023
-0.008177,-0.070021,-0.067498
0.004760,-0.058939,-0.372641
-0.027298,-0.026035,-0.153777
0.017372,-0.041172,0.963311
0.001584,0.009853,-0.460997
-0.043693,0.362534,-0.082323
0.008177,-0.004581,-0.790948
0.018456,-0.065547,0.039243
0.021860,-0.011750,-0.502107
0.001528,-0.014709,-0.041408
-0.023054,-0.034954,0.074624
-0.012123,-0.066467,0.092611
0.012494,-0.061200,0.871212
0.039259,-0.035075,0.249387
0.042632,-0.037350,-0.651590
-0.006204,-0.024095,0.857706
0.039981,-0.024262,0.304576
0.029246,0.182148,-0.140622
0.039787,-0.021086,-0.626204
-0.024044,-0.042728,0.056264
-0.010615,-0.063607,-0.666517
0.023593,-0.060242,0.011159
-0.005046,-0.013505,-0.832277
-0.009962,0.002013,-0.739281
0.031934,-0.013792,-0.618417
0.041297,-0.039939,0.276479
-0.030188,-0.018379,-0.539824
0.028600,-0.056048,0.206559
0.031695,-0.021598,-0.771688
-0.011848,-0.056594,-0.327319
-0.000746,0.074876,-0.304429
0.017639,-0.073581,-0.766704
0.030088,-0.043753,-0.473275
-0.040728,-0.048106,-0.655794
0.018333,-0.028487,-0.299231
0.034574,-0.020517,-0.697530
-0.002814,-0.062666,-0.491228
-0.036468,-0.018623,-0.448332
0.019871,-0.059932,-0.050718
0.012518,-0.062991,-0.648089
-0.033180,-0.036162,-0.401843
-0.020130,-0.000623,-0.702637
0.013709,0.075767,-0.238486
-0.026982,-0.042279,0.023072
0.009278,-0.055990,0.234610
0.010534,0.090215,-0.225711
0.020497,-0.021901,0.391554
0.013993,-0.069408,0.117839
-0.012180,0.003420,-0.712046
-0.042500,-0.025723,-0.495921
0.003067,0.037613,-0.313807
-0.032137,-0.054984,0.837600
0.029000,-0.044349,-0.491639
0.016351,-0.054645,-0.380619
-0.027051,-0.050016,-0.048419
0.038736,-0.055576,-0.713259
-0.023966,0.005732,-0.407335
-0.014952,-0.038315,0.197855
0.001330,0.092536,-0.263849
0.021466,-0.042696,-0.104812
-0.020370,-0.001135,-0.730946
-0.037768,-0.024387,-0.694030
0.003970,-0.061672,-0.639398
-0.007743,0.019215,-0.342936
-0.027289,-0.009484,-0.684614
-0.016420,-0.064596,-0.049743
0.034242,-0.015115,-0.636702
0.006344,-0.064927,-0.482146
-0.011296,0.003086,-0.730213
0.010046,0.005938,-0.469932
-0.031813,-0.039490,-0.607533
-0.002664,-0.070471,0.884151
-0.002000,-0.003992,-0.800001
-0.018254,0.005988,-0.469979
-0.022549,-0.059351,0.013299
-0.019989,-0.059671,-0.192063
0.032851,-0.026483,0.195044
0.027752,-0.071343,-0.720386
-0.016524,-0.031396,0.321731
-0.031802,-0.059821,-0.771518
-0.039808,-0.046526,-0.762519
0.016403,0.094489,-0.205488
-0.037289,-0.039458,-0.482547
-0.015865,-0.029981,0.339802
0.040233,-0.050390,0.285690
0.013363,-0.059527,-0.629625
0.002597,-0.066456,0.863952
-0.006214,0.000764,-0.537137
-0.022804,-0.013411,-0.353513
0.016046,0.035895,-0.352829
0.038816,-0.032773,0.324933
0.035631,-0.020587,0.258893
-0.002928,-0.058827,-0.411091
0.032920,-0.042324,0.142721
-0.031560,-0.015906,-0.702861
-0.026296,-0.007607,-0.702611
-0.034179,-0.027210,-0.541398
0.001415,0.005418,-0.636306
0.039556,-0.030069,-0.689449
0.032449,-0.056637,0.314506
0.004313,-0.060472,-0.630311
-0.022040,-0.050480,-0.430625
-0.007113,-0.032668,-0.832812
0.040662,-0.048412,-0.678495
0.035702,-0.050404,0.324841
0.026797,-0.070394,-0.767540
0.022588,-0.060780,-0.638340
0.003179,-0.028336,0.847065
-0.013667,-0.067632,0.877296
0.013943,-0.056596,-0.419725
0.027669,-0.055186,0.224714
0.040917,-0.033199,0.315423
0.028923,-0.045381,0.407270
0.026873,-0.012850,-0.448321
0.030357,-0.055222,0.152458
0.000138,-0.013346,-0.280503
0.032806,-0.044523,0.361797
0.043650,-0.032255,0.295225
0.010857,-0.071300,0.029618
-0.008504,-0.017004,0.268312
-0.023937,-0.065140,-0.761971
-0.008827,-0.056858,0.337398
0.028110,-0.058901,0.332325
0.025346,-0.019977,0.168282
0.025220,-0.043228,-0.418719
0.003167,-0.012980,0.038098
0.024293,-0.059835,0.359324
0.000563,-0.071283,-0.700209
0.009750,-0.072352,-0.710132
0.041136,-0.047581,-0.659875
0.009706,0.078359,-0.298993
0.018297,-0.054603,-0.302359
0.019434,0.083114,-0.282365
-0.005903,-0.016539,0.250073
-0.009524,-0.052577,0.386352
0.006811,-0.063243,-0.452846
