-0.024382665814764375,0.04487734990333474,-0.9549663672579355
-0.02452463912613418,0.0451652247489394,-0.9515491889278431
-0.024666019104853068,0.045452425116548865,-0.9481311122858868
-0.024808073561572566,0.04573903215151114,-0.9447139339557944
-0.024949453540291443,0.0460262325191206,-0.9412967556257018
-0.02509142685166125,0.046314107364725264,-0.9378786789837456
-0.025232806830384345,0.04660130773233951,-0.934461500653653
-0.025374186809103222,0.04688850809994896,-0.9310443223235606
-0.02557188795894035,0.04719077030390359,-0.9276343304883791
-0.026202327983300983,0.04761365897445719,-0.924287220483667
-0.026832768007657416,0.048036547645006,-0.920939212167091
-0.027462533554016233,0.04846002964820783,-0.9175921021623791
-0.028092973578376867,0.04888291831876144,-0.9142449921576671
-0.02872341360273329,0.04930580698931024,-0.9108969838410912
-0.02935385362708971,0.04972869565985904,-0.9075498738363792
-0.029984293651446132,0.05015158433040785,-0.9042018655198033
-0.03057662341060456,0.05054339118300138,-0.900849365643908
-0.030605768139538407,0.050475877836828165,-0.8974178143239941
-0.030635587346474074,0.050407771158006716,-0.89398626300408
-0.03066473207540792,0.050340257811833516,-0.890554711684166
-0.030694551282343586,0.05027215113301207,-0.887122262052388
-0.030724370489273834,0.05020404445418688,-0.883690710732474
-0.030753515218213102,0.05013653110801742,-0.8802591594125598
-0.030783334425147572,0.050068424429197025,-0.8768276080926457
-0.030736106049364435,0.05004057802577052,-0.873399650020187
-0.030404993865851163,0.05016196190099213,-0.869985166625686
-0.030074475014993034,0.05028402025421374,-0.866571581543049
-0.029742688353486386,0.05040599746209318,-0.8631570981485481
-0.02941157616997311,0.05052738133731479,-0.8597426147540473
-0.02908105731911498,0.0506494396905364,-0.8563281313595464
-0.02874994513560593,0.05077082356576281,-0.8529136479650455
-0.02841815847409506,0.050892800773637455,-0.8495000628824084
-0.02807419097740714,0.05094652912762634,-0.8460864777997714
-0.027701358585161633,0.050854560517901104,-0.8426755876527259
-0.02732785171491973,0.05076318524082787,-0.8392646975056803
-0.026955019322674238,0.05067121663110265,-0.8358538073586349
-0.02658218693043415,0.05057924802138116,-0.8324429172115894
-0.026209947870839575,0.050487953889651146,-0.8290320270645438
-0.025837115478598294,0.05039598527993072,-0.8256211369174984
-0.02546360860835639,0.050304610002857485,-0.8222102467704528
-0.025044267749186704,0.05023321523041591,-0.8188047464945905
-0.024558077622603515,0.050191912932938836,-0.8154073310255028
-0.02407256197401251,0.050150017302805,-0.8120090172445512
-0.023587639658080858,0.05010879615067595,-0.8086116017754634
-0.023101449531492263,0.05006749385319514,-0.8052141863063759
-0.022615933882905472,0.05002559822306609,-0.8018167708372881
-0.022131011566969606,0.04998437707093224,-0.7984184570563365
-0.021645495918382822,0.0499424814408032,-0.7950210415872487
-0.021240836484079866,0.04983065370303065,-0.7916164396232502
-0.02092310356603076,0.049643553863744715,-0.788203752852477
-0.020605370647985878,0.04945645402446358,-0.7847910660817038
-0.02028763772993676,0.04926935418517765,-0.7813783793109306
-0.01996863700123913,0.049082173200549535,-0.7779656925401573
-0.019650904083195444,0.04889507336126734,-0.7745530057693841
-0.019333171165146348,0.048707973521981404,-0.7711403189986109
-0.01901543824709723,0.04852087368269547,-0.7677276322278377
-0.01875866670080231,0.04834595016184075,-0.7643104538977452
-0.018544594989863536,0.0481801246359451,-0.7608878856964697
-0.018331116611575677,0.04801497358804465,-0.757466215807058
-0.018117044900636908,0.047849148062149,-0.7540445459176462
-0.017902973189698128,0.04768332253625335,-0.7506228760282345
-0.01768890147875935,0.0475174970103577,-0.7472012061388228
-0.017475423100471496,0.04735234596245726,-0.7437795362494112
-0.01726135138953272,0.0471865204365616,-0.7403578663599995
-0.01701064426272239,0.04719529768403101,-0.7369361964705877
-0.01674584384407677,0.0472750976431017,-0.733514526581176
-0.016481124570782057,0.047353629791528955,-0.730093755003628
-0.016215730819485515,0.04743275527260443,-0.7266720851142164
-0.015950930400839895,0.047512555231675115,-0.7232513135366685
-0.01568621112753975,0.04759108738009862,-0.7198296436472568
-0.015421410708898357,0.047670887339174114,-0.716407973757845
-0.015156691435599414,0.04774941948759656,-0.7129872021802971
-0.014932156491975103,0.04787635176110914,-0.7095646339790216
-0.014715416018180515,0.04801078443793509,-0.7061411674658822
-0.014499268877033835,0.04814589159275041,-0.7027185992646066
-0.014283121735890171,0.048280998747571566,-0.6992951327514672
-0.01406697459474229,0.04841610590238794,-0.6958725645501915
-0.013850827453598624,0.048551213057209094,-0.6924490980370522
-0.013634005834457362,0.04868691354468328,-0.6890265298357767
-0.013417265360658558,0.04882134622150444,-0.6856039616345011
-0.013380422906104866,0.04879034554888655,-0.6821715120027231
-0.013350999709516384,0.04875281821709273,-0.6787399606828091
-0.013320983180276977,0.04871461640730369,-0.675307511051031
-0.013290885505692096,0.048677682408161844,-0.6718750614192531
-0.013260868976453894,0.048639480598371754,-0.668443510099339
-0.013231445779865408,0.04860195326657793,-0.6650110604675611
-0.013202022583281141,0.04856442593478889,-0.6615795091476471
-0.013182853532092217,0.048505913839365936,-0.6581479578277329
-0.013255347942004154,0.04827823050903685,-0.6547235930027295
-0.01332911016256883,0.04805062832405474,-0.6512992281777263
-0.013401604572480777,0.04782294499372566,-0.6478757616645869
-0.013474773460393333,0.04759466833074941,-0.6444513968395836
-0.013547267870306471,0.04736698500041927,-0.6410270320145803
-0.013621030090869946,0.04713938281543821,-0.6376035655014409
-0.013693524500781885,0.04691169948510913,-0.6341792006764377
-0.013763914331360963,0.04668706396339006,-0.6307548358514344
-0.013825966989944994,0.04647335186544627,-0.6273295727145674
-0.013888019648523616,0.04625963976749874,-0.6239043095777002
-0.013950746785102853,0.04604533433690404,-0.6204790464408331
-0.014012799443685692,0.045831622238961305,-0.617053783303966
-0.01407485210226431,0.04561791014101378,-0.6136285201670988
-0.014136904760847146,0.045404198043071047,-0.6102032570302316
-0.014199631897427581,0.04518989261247528,-0.6067779938933644
-0.014266948604156537,0.04495360335887479,-0.603354527380225
-0.01434320101515753,0.044677149891221804,-0.5999337558026772
-0.014419453426159719,0.04440069642356777,-0.5965138825369932
-0.01449511250450558,0.044123568477914786,-0.5930931109594453
-0.014571364915507777,0.04384711501026074,-0.5896723393818973
-0.014647617326508771,0.043570661542607754,-0.5862524661162133
-0.014723869737510966,0.043294208074953724,-0.5828316945386657
-0.01479944767051556,0.04301834793995271,-0.5794118212729816
-0.01486558291156334,0.04275079446208567,-0.5759901513835698
-0.014919739839354249,0.042491385350662395,-0.5725675831822943
-0.014974490099797278,0.04223265071723327,-0.5691459132928826
-0.015029240360243319,0.04197391608380998,-0.565723345091607
-0.01508399062068515,0.0417151814503819,-0.5623007768903313
-0.015138740881132394,0.04145644681695757,-0.5588791070009197
-0.015193491141574223,0.0411977121835295,-0.5554565387996441
-0.015248241402017247,0.040938977550100376,-0.5520339705983686
-0.015372898454861889,0.040751549978416596,-0.5486105040852292
-0.015538657751413377,0.040608125767221476,-0.5451843426364982
-0.015705684858612193,0.04046478270136959,-0.541759079499631
-0.01587203748781461,0.04032203296816968,-0.5383338163627638
-0.016039064595013423,0.04017868990231778,-0.5349085532258966
-0.016205417224215837,0.04003594016911787,-0.5314832900890295
-0.01637244433141465,0.039892597103265995,-0.5280571286402985
-0.016538796960617056,0.03974984737006607,-0.5246318655034314
-0.016715418651222315,0.039655492562338156,-0.5212057040547006
-0.016894114406293945,0.0395784560617286,-0.5177786442941057
-0.0170734846393662,0.03950082622847186,-0.5143515845335108
-0.017252180394442047,0.0394237897278671,-0.5109245247729159
-0.0174315506275143,0.039346159894610364,-0.507498363324185
-0.017610920860586552,0.039268530061353626,-0.5040713035635901
-0.017789616615658192,0.03919149356074408,-0.5006442438029953
-0.017968986848730443,0.03911386372748734,-0.49721718404240056
-0.017969508752414286,0.039215100973502205,-0.49378742934621406
-0.017946342780864828,0.03933837267300395,-0.49035767465002766
-0.017924444619962693,0.039461725517848927,-0.48692702164197743
-0.017901278648407827,0.039584997217346936,-0.4834972669457911
-0.01787878715485597,0.03970767558419566,-0.4800666139377408
-0.01785621451595623,0.039831621761693664,-0.4766368592415544
-0.017833048544406774,0.039954893461195407,-0.4732062062335043
-0.017816302771441812,0.04007730307676401,-0.4697764515373178
-0.017986660671657294,0.04017031549386142,-0.466349391776723
-0.01815701857186856,0.040263327910954036,-0.4629223320161282
-0.018327376472081023,0.0403563403280456,-0.4594952722555333
-0.01849773437229229,0.04044935274513822,-0.45606821249493856
-0.018668092272503555,0.04054236516223084,-0.4526411527343437
-0.018838450172714825,0.04063537757932345,-0.4492149912856127
-0.01900880807292609,0.04072838999641607,-0.4457879315250179
-0.019183273870845105,0.040777110186126314,-0.4423617700762869
-0.01937404468338531,0.040600915703602164,-0.43893920187501134
-0.0195641410179261,0.04042531455372415,-0.4355157353618719
-0.0197549118304663,0.04024912007119999,-0.4320931671605963
-0.019946275975658626,0.04007360006667,-0.42867059895932075
-0.020137046788195813,0.03989740558414001,-0.4252480307580452
-0.020327817600737215,0.039721211101614806,-0.4218254625567696
-0.020519181745929538,0.0395456910970848,-0.41840289435549405
-0.02072791482872746,0.03938719533316449,-0.41498122446608227
-0.020982821397832356,0.03927302751111323,-0.41155955457667054
-0.021236460156285712,0.03915877854371395,-0.40813878299912265
-0.021491366725390607,0.039044610721662674,-0.404717113109711
-0.02174567996184036,0.03892976842161142,-0.40129634153216315
-0.021999318720297933,0.03881551945421693,-0.3978755699546152
-0.022254225289398608,0.038701351632160874,-0.39445390006520353
-0.022507864047856176,0.038587102664766386,-0.39103312848765565
-0.0227784101870941,0.03850703395441932,-0.3876123569101078
-0.02307063568357399,0.03847609047763869,-0.38419248364442377
-0.023362861180055077,0.03844514700085701,-0.3807726103787398
-0.02365568000918588,0.03841487800207158,-0.3773527371130557
-0.023947905505671184,0.03838393452529469,-0.37393286384737173
-0.02424013100215107,0.03835299104851405,-0.37051299058168774
-0.02453362430927948,0.0383221287170756,-0.3670931173160037
-0.024825849805760566,0.03829118524029391,-0.3636732440503197
-0.025077606622426394,0.0382958417226581,-0.36025067584904413
-0.025294883915908107,0.03833202598094813,-0.35682541271217694
-0.02551156787673469,0.03836753576123817,-0.3534001495753098
-0.0257288451702176,0.03840372001952715,-0.3499748864384427
-0.02594552913104418,0.0384392297998172,-0.34654872498971173
-0.026162806424521682,0.03847541405810244,-0.3431234618528446
-0.026379490385353675,0.038510923838396216,-0.3396981987159775
-0.026596767678831176,0.038547108096681465,-0.3362729355791103
-0.026893917043219293,0.03858840451167193,-0.33285396062529016
-0.0272329041590364,0.03863237872303169,-0.3294385789189254
-0.027570623464200774,0.038676271789044495,-0.32602319721256057
-0.027908936102016068,0.0387208393330525,-0.3226078155061958
-0.028247248739836778,0.03876540687706426,-0.31919243379983114
-0.028584968045001154,0.03880929994307706,-0.3157770520934664
-0.02892395516081826,0.03885327415443683,-0.3123616703871016
-0.02926226779863777,0.038897841698449634,-0.30894628868073687
-0.029573479939993486,0.038888481517568234,-0.3055273137269167
-0.029877384483592947,0.03886401406948138,-0.30210923708496035
-0.0301812890271924,0.038839546621394536,-0.2986902621311402
-0.030485193570790662,0.03881507917330874,-0.29527128717732004
-0.030789098114394335,0.03879061172522667,-0.2918523122234999
-0.031093002657992592,0.038766144277140875,-0.28843333726967973
-0.03139690720159205,0.03874167682905403,-0.2850143623158596
-0.03170081174519151,0.03871720938096718,-0.2815953873620394
-0.03199713022337887,0.03857259398770888,-0.27817910734381074
-0.03229374796770896,0.03841335819931679,-0.27476282732558216
-0.0325890979013863,0.03825404126557772,-0.2713474456192174
-0.03288444783505943,0.038094724331833855,-0.2679311656009888
-0.03318039110139311,0.037936081876093736,-0.26451488558276015
-0.03347641551306264,0.0377761716096979,-0.26109950387639547
-0.03377176544674118,0.03761685467595778,-0.25768322385816683
-0.03406778985841613,0.037456944409565686,-0.25426694383993825
-0.03437232933164148,0.0371938292932734,-0.2508587486284843
-0.03467754328286021,0.03693012084432329,-0.24744965510516642
-0.03498208275608255,0.03666700572802516,-0.2440414598937125
-0.035287890039956415,0.03640397175707505,-0.24063236637039473
-0.03559310399118056,0.03614026330812868,-0.23722417115894082
-0.03589764346440169,0.035877148191831604,-0.23381507763562298
-0.03620285741562043,0.035613439742881496,-0.23040598411230517
-0.03650437439548006,0.035357769199792714,-0.22699689058898742
-0.03677496664844345,0.035167588568883,-0.2235806105707588
-0.03704488442341466,0.03497800127063006,-0.2201634322406663
-0.03731480219838165,0.034788413972372326,-0.2167471522224377
-0.037585394451345046,0.034598233341462614,-0.21333087220420913
-0.03785590555896717,0.03440932052120488,-0.2099145921859805
-0.03812649781193057,0.03421913989029517,-0.20649741385588802
-0.03839641558689756,0.03402955259203744,-0.2030811338376594
-0.03861985540980263,0.03384017301533019,-0.19966215888383926
-0.03866633924435237,0.033650924531583574,-0.19623509912324444
-0.03871214860090571,0.033462269380488935,-0.1928080393626496
-0.038759225768105164,0.03327369537473857,-0.1893818779139186
-0.038805709602654906,0.033084446890991964,-0.1859548181533238
-0.03885219343720464,0.03289519840724535,-0.18252775839272894
-0.038899270604409515,0.032706624401498734,-0.17910069863213413
-0.03894507996096285,0.03251796925040409,-0.17567363887153928
-0.03895464471236574,0.032428198130331654,-0.17224568079908062
-0.03889431170488669,0.03252554039981591,-0.1688150277910304
-0.038833385364747106,0.03262220819129644,-0.1653843747829801
-0.03877305235726385,0.03271955046077591,-0.16195372177492984
-0.03871212601712967,0.03281621825226017,-0.15852306876687966
-0.03865111853164881,0.03291415385439267,-0.1550924157588294
-0.038590192191513446,0.033010821645877986,-0.151662661062643
-0.03852985918403019,0.03310816391535745,-0.14823200805459275
-0.0384767227969668,0.033083121884507516,-0.1448022533584064
-0.03843102646635369,0.03293189212137496,-0.14137339697408385
-0.03838473680308967,0.0327799878802472,-0.1379445405897613
-0.03833904047247536,0.03262875811711569,-0.13451568420543875
-0.03829401861985865,0.032476935021331164,-0.13108682782111625
-0.038248322289245545,0.032325705258198605,-0.1276579714367937
-0.03820262595863666,0.03217447549507083,-0.12422911505247115
-0.03815692962802355,0.03202324573193827,-0.12080025866814863
-0.03833112735753349,0.03190709470713399,-0.1173785887787369
-0.03863196917652838,0.03181114299061822,-0.11396051213678059
-0.03893340432817299,0.031715865752098706,-0.11054243549482427
-0.039234920625164274,0.03161932070293096,-0.10712525716473181
-0.039536355776814296,0.031524043464415195,-0.10370718052277549
-0.03983719759580919,0.03142809174789943,-0.10028910388081917
-0.04013930722545139,0.03133222117672689,-0.09687102723886286
-0.040440149044446275,0.031236269460211123,-0.09345295059690654
-0.0405376095394898,0.030926802285194625,-0.09004026382613334
-0.0405659188654736,0.030544166905133632,-0.08662937367908785
-0.040594228191458595,0.030161531525071582,-0.08321848353204235
-0.04062253751743818,0.029778896145005795,-0.07980759338499685
-0.040650846843423176,0.02939626076494374,-0.07639670323795135
-0.04067915616940698,0.02901362538488274,-0.07298581309090584
-0.040707546640733235,0.028629722194168726,-0.06957492294386035
-0.04073585596671823,0.02824708681410667,-0.06616403279681485
-0.04069561333878224,0.027602916944799192,-0.06279536330737039
-0.040641891550155365,0.02691078319199108,-0.059433880312836744
-0.0405894375721704,0.026218730584522464,-0.056072397318303095
-0.040536390261539934,0.025526003499062377,-0.052710914323769446
-0.04048334295090525,0.0248332764135975,-0.049349431329235804
-0.040430214494929305,0.024141817138784598,-0.04598794833470215
-0.04037716718429462,0.023449090053319716,-0.04262556702830465
-0.04032411987366415,0.02275636296785963,-0.03926408403377101
-0.04000018829215088,0.02176114515840592,-0.036001415344261066
-0.03962048344130776,0.020702526417240123,-0.03275850951575587
-0.039240185257813705,0.019643233198079122,-0.029515603687250664
-0.03886048040697057,0.01858461445691332,-0.02627269785874546
-0.03848010107813525,0.01752658904840429,-0.023029792030240255
-0.0380998028946424,0.01646729582924223,-0.019786886201735052
-0.037720098043799256,0.01540867708807643,-0.016543980373229853
-0.03734039319296034,0.014350058346915422,-0.01330107454472465
-0.03671451112146635,0.013000714273839606,-0.010234237841534412
-0.03586084514154942,0.011381553686763647,-0.007329995585701367
-0.035006504683639104,0.009762986432345511,-0.0044266516417321555
-0.034152838703722176,0.008143825845269556,-0.0015224093858991039
-0.03329917272380524,0.006524665258193591,0.001380934558070095
-0.03244550674388832,0.004905504671117634,0.004285176813903147
-0.03159116628597498,0.003286937416693651,0.007188520757872346
-0.03073750030605685,0.0016677768296187452,0.010091864701841546
-0.029883834326139922,4.8616242542786125e-05,0.012996106957674598
-0.029030168346222986,-0.0015705443445331747,0.015899450901643797
-0.028175827888309656,-0.0031891115989571596,0.018803693157476847
-0.027322161908392727,-0.0048082721860331174,0.021707037101446044
-0.026468495928475798,-0.006427432773109076,0.02461038104541525
-0.02561415547056548,-0.008046000027527216,0.0275146233012483
-0.02476048949064855,-0.009665160614603175,0.030417967245217496
-0.023906823510731617,-0.011284321201679133,0.03332220950105055
-0.02305315753081469,-0.012903481788755092,0.03622555344501975
-0.022198817072901354,-0.014522049043179077,0.0391297957008528
-0.021345151092984425,-0.01614120963025504,0.042033139644822
-0.020491485113067497,-0.017760370217330998,0.04493648358879121
-0.019637144655152965,-0.019378937471753926,0.047840725844624246
-0.018783478675236033,-0.02099809805882989,0.05074406978859346
-0.0179298126953191,-0.022617258645905844,0.0536483120444265
-0.017076146715406384,-0.02423641923297701,0.05655165598839571
-0.016221806257493056,-0.025854986487400995,0.0594549999323649
-0.015368140277576122,-0.027474147074476953,0.062359242188197966
-0.014514474297659188,-0.029093307661552912,0.06526258613216715
-0.013660133839744659,-0.030711874915975844,0.06816682838800021
-0.01280646785982773,-0.0323310355030518,0.07107017233196943
-0.0119528018799108,-0.03395019609012776,0.07397441458780246
-0.01109913589999387,-0.03556935667720373,0.07687775853177167
-0.010244795442080533,-0.03718792393162771,0.07978110247574087
-0.0093911294621636,-0.03880708451870366,0.08268534473157392
-0.008537463482246675,-0.04042624510577962,0.08558868867554312
-0.007683797502333957,-0.042045405692850785,0.08849293093137617
-0.006829457044419427,-0.04366397294727372,0.09139627487534537
-0.0059757910645024965,-0.045283133534349686,0.09429961881931458
-0.004980499621230616,-0.046708314575326725,0.09724428510902096
-0.003768816917918714,-0.04783545953561045,0.10025093491733313
-0.0025565408819504722,-0.04896327897389311,0.10325758472564527
-0.0013442648459876497,-0.05009109841217204,0.10626513284582131
-0.0001313143320230166,-0.05121832451780273,0.10927178265413345
0.001080368371290082,-0.0523454694780854,0.11227843246244563
0.002292644407257119,-0.05347328891636912,0.11528508227075779
0.0035049204432253574,-0.05460110835465179,0.11829173207906994
0.0047171964791881795,-0.05572892779293071,0.12129838188738212
0.005834498376664036,-0.056829027403994134,0.12434994728888686
0.006828072217430543,-0.057893201791663844,0.1274581063378143
0.007821052725551543,-0.0589567017013421,0.1305662653867417
0.008813952088320452,-0.06002146942166485,0.13367532274753297
0.009807525929092375,-0.0610856438093383,0.1367834817964604
0.010800506437207959,-0.06214914371901282,0.1398925391572517
0.011793405799982282,-0.0632139114393393,0.1430006982061791
0.012786979640753005,-0.06427808582701382,0.14610975556697037
0.013779960148868588,-0.06534158573668834,0.14921791461589778
0.014893336554945581,-0.06652290637465305,0.15223983572589544
0.016044417499499187,-0.06774164788382063,0.1552357057918414
0.017196172922053415,-0.06895979606034103,0.1582306775459235
0.018347335011952518,-0.07017726975886145,0.16122654761186941
0.019499090434507954,-0.0713954179353808,0.16422241767781534
0.020649578046410644,-0.07261348496655316,0.16721738943189746
0.02180133346896488,-0.07383163314307356,0.17021325949784338
0.022953088891519115,-0.07504978131959397,0.17320823125192547
0.024104250981418204,-0.07626725501811438,0.17620410131787143
0.0253968086489036,-0.07768218327941953,0.17904725836696253
0.026732030437261006,-0.07915649091969415,0.18184460151099724
0.028068520036264533,-0.080630879705313,0.18464104634316808
0.02940433515727287,-0.08210586182358283,0.18743838948720273
0.030739556945624854,-0.08358016946385367,0.19023483431937357
0.03207604654462959,-0.08505455824947152,0.19303217746340826
0.03341186166563791,-0.08652954036774131,0.19582862229557907
0.03474767678664925,-0.08800452248601696,0.19862596543961378
0.03608357305299884,-0.0894782367936348,0.2014224102717846
0.03744552532557739,-0.09096252982803708,0.20420088886667837
0.03898053860997587,-0.09250754668064584,0.20685360380063295
0.04051622637237076,-0.0940519702006026,0.20950631873458744
0.042052507467417774,-0.09559706819855353,0.21215903366854197
0.04358752075181627,-0.09714208505116227,0.2148117486024965
0.04512320851421116,-0.09868650857111907,0.21746446353645105
0.046658815131260564,-0.10023219990172302,0.22011717847040557
0.048194502893655455,-0.10177662342167978,0.2227698934043601
0.04972951617805394,-0.10332164027428854,0.22542260833831468
0.05126579727309976,-0.10486673827224052,0.2280753232722692
0.05280148503549583,-0.10641116179219626,0.2307280382062237
0.054172323064726156,-0.10767706681353528,0.2336080260417328
0.055537902245432216,-0.10893563372225487,0.23649520037215263
0.05690356257148074,-0.11019293282032146,0.23938237470257254
0.05826922289752807,-0.11145023191838908,0.24226954903299236
0.059635476556227515,-0.11270820549445085,0.24515582505154837
0.06100113688227905,-0.11396550459252328,0.24804299938196828
0.06236739054097851,-0.11522347816858504,0.2509301737123881
0.06373305086702584,-0.11648077726665265,0.25381734804280803
0.0650987111930774,-0.1177380763647251,0.25670452237322783
0.06658372360971539,-0.11891072169904734,0.259565645659596
0.06813612799593885,-0.12003485073131911,0.2624132942680064
0.06968853238216771,-0.12115897976359463,0.2652609428764167
0.07124161124638878,-0.1222825154632134,0.26810859148482713
0.07279401563261644,-0.12340664449548996,0.27095624009323754
0.07434642001884108,-0.12453077352776068,0.2738038887016479
0.0758982310724136,-0.12565422808203727,0.2766506389981944
0.07745130993663886,-0.1267777637816608,0.27949828760660483
0.07900371432286231,-0.12790189281393258,0.28234593621501525
0.08054837486974585,-0.12903761974797964,0.28519358482342566
0.08205261736729194,-0.13022804494625484,0.2880394368081083
0.08355618538684705,-0.1314190634771857,0.290885288792791
0.08506102121704946,-0.13261016315345978,0.2937320390893375
0.08656526371459675,-0.13380058835173392,0.2965778910740202
0.08806950621214822,-0.1349910135500128,0.29942464137056674
0.08957374870969552,-0.13618143874828695,0.30227049335524936
0.09107858453989794,-0.13737253842456107,0.3051172436517959
0.09258282703744942,-0.13856296362283996,0.3079630956364786
0.09408706953499671,-0.1397533888211141,0.3108089476211613
0.09555171063628078,-0.14095591890885248,0.3136709692193933
0.09700013895039761,-0.1421631398277058,0.3165392790006723
0.09844797393186351,-0.14336968626856395,0.3194075887819513
0.09989572776798394,-0.14457750052006924,0.3222767968750941
0.10134415608210076,-0.14578472143892254,0.3251451066563731
0.10279199106356246,-0.14699126787977584,0.3280134164376521
0.10423974489968169,-0.1481990821312822,0.330881726218931
0.10568757988114881,-0.1494056285721393,0.33375003600021
0.10713600819526563,-0.15061284949099263,0.336618345781489
0.10851853567085684,-0.15182540000447312,0.33951450323054744
0.1097544787835733,-0.1530508460623756,0.34247354251007545
0.11099042189629099,-0.15427629212027705,0.3454316834777396
0.11222636500900864,-0.15550173817817847,0.34838982444540373
0.11346298259972272,-0.15672659090342791,0.35134886372493174
0.11469892571243497,-0.1579520369613256,0.3543070046925959
0.11593486882515264,-0.15917748301922702,0.35726604397212386
0.1171714864158667,-0.16040233574447643,0.36022418493978814
0.11840742952858437,-0.16162778180237783,0.36318232590745225
0.11958076824703903,-0.16282694333402137,0.36617280610221503
0.12050277147441366,-0.1639253635252226,0.36929174489350874
0.12142544917978464,-0.1650231903837718,0.3724106836848024
0.12234753355250352,-0.16612034276432688,0.37552872416423216
0.12327021125787453,-0.16721816962287614,0.3786476629555258
0.12419221448524916,-0.16831658981407735,0.3817666017468194
0.12511429885796807,-0.16941374219463243,0.3848846422262492
0.12603697656333906,-0.17051156905318163,0.3880035810175429
0.1269596542687101,-0.1716093959117309,0.39112251980883644
0.12802689290296426,-0.17269610722381623,0.3941947463832099
0.12920988271779454,-0.17377431455646664,0.397231938794893
0.13039219805462307,-0.17485311522176528,0.4002682328947123
0.13157518786944913,-0.17593132255441093,0.4033045269945315
0.13275877101692915,-0.17701020436505763,0.4063408210943508
0.13394108635375765,-0.17808900503035632,0.40937711519417
0.13512407616858374,-0.17916721236300198,0.4124134092939894
0.13630706598341408,-0.18024541969565241,0.4154497033938086
0.13749005579823895,-0.1813236270282991,0.4184859974936279
0.13892058943717156,-0.18212425074095448,0.42149085067821235
0.14046765067850603,-0.1827948482577702,0.4244804325611113
0.1420140374418399,-0.1834660391072331,0.4274709127558742
0.1435610986831702,-0.18413663662404403,0.4304604946387732
0.145108078779158,-0.18480850195150797,0.43345007652167206
0.14665514002049246,-0.1854790994683237,0.43643965840457105
0.14820152678382637,-0.18615029031778657,0.43943013859933394
0.14974858802515661,-0.1868208878345975,0.4424197204822329
0.15129497478849468,-0.18749207868406517,0.4454093023651319
0.1526819718233868,-0.1882867333557136,0.44844379984122346
0.15398868066140559,-0.1891424454604568,0.4514998568020475
0.15529598283207952,-0.18999883204319992,0.4545559137628715
0.15660269167010246,-0.19085454414794786,0.4576119707236956
0.1579099938407764,-0.19171093073069098,0.4606689259963833
0.15921670267879515,-0.19256664283543412,0.4637249829572074
0.1605234115168181,-0.19342235494018206,0.4667810399180314
0.16183071368749202,-0.19427874152292518,0.46983709687885544
0.16313742252551078,-0.19513445362766835,0.47289405215154334
0.1643711053335596,-0.196017316859358,0.4759725669089636
0.16559170430839215,-0.19690570769084803,0.4790555732257032
0.16681103547257195,-0.19779401737699107,0.48213857954244277
0.16803163444740452,-0.19868240820848107,0.48522158585918235
0.16925164008958077,-0.19957012456197215,0.488303693864058
0.17047223906441328,-0.20045851539346213,0.49138670018079766
0.17169224470659072,-0.20134623174695218,0.4944697064975372
0.17291284368142204,-0.20223462257844319,0.49755271281427677
0.17412729640855734,-0.2030997059461762,0.5006438039377911
0.17528945020018083,-0.20377749283518715,0.5038013701392303
0.17645219732445516,-0.20445595420219329,0.5069589363406696
0.1776149444487349,-0.20513441556920312,0.5101165025421088
0.17877769157300932,-0.2058128769362093,0.5132740687435482
0.17993984536463273,-0.2064906638252202,0.5164316349449873
0.18110326696690474,-0.20716853185957335,0.5195883028345628
0.18226601409117907,-0.20784699322657946,0.5227458690360022
0.1834287612154588,-0.20852545459358934,0.5259034352374413
0.1847944943362045,-0.2093639399357915,0.5289289495948943
0.18631113195584276,-0.21032092568390678,0.5318556496473237
0.18782709509748155,-0.21127850476466822,0.534782349699753
0.18934373271711974,-0.21223549051278345,0.5377090497521825
0.19086037033675496,-0.2131924762608929,0.5406357498046118
0.1923763334783968,-0.21415005534166018,0.5435624498570412
0.193892971098032,-0.21510704108976964,0.5464891499094705
0.1954089342396738,-0.21606462017053682,0.5494158499618998
0.1969255718593078,-0.21702160591864733,0.5523425500143292
0.1986035512124081,-0.21795391061463384,0.5551776222566457
0.2005606215982919,-0.21884170112855997,0.5578536932990603
0.2025189597948272,-0.21972957278783412,0.5605297643414751
0.20447603018071092,-0.2206173633017602,0.5632058353838897
0.20643369389924682,-0.22150582829368048,0.5658819064263044
0.2083907642851306,-0.2223936188076066,0.568558875780583
0.21034842800366524,-0.22328208379952788,0.5712349468229976
0.21230549838954904,-0.224169874313454,0.5739110178654123
0.2142631621080879,-0.22505833930538013,0.576587088907827
0.21622023249396743,-0.22594612981930143,0.5792631599502417
0.21807217585692268,-0.22686538187980354,0.5819958246400789
0.21967172815645095,-0.22785949963222904,0.5848659310450857
0.2212718737886343,-0.22885429186265452,0.5877351391382285
0.2228714260881638,-0.2298484096150789,0.5906043472313712
0.2244716528656884,-0.23084193403485237,0.593474453636378
0.22607120516521786,-0.2318360517872768,0.5963436617295208
0.22767075746475032,-0.2328301695397071,0.5992128698226636
0.22927157757492708,-0.23382436843747473,0.6020829762276704
0.23087112987445535,-0.2348184861899002,0.6049521843208132
0.2324706821739836,-0.2358126039423257,0.6078213924139559
0.23419784190789036,-0.2368715378118014,0.6105917862020751
0.23593921631021017,-0.23793711000065842,0.6133514002478281
0.23767991623453658,-0.2390032755221733,0.616110115981717
0.23942129063685638,-0.2400688477110303,0.61886973002747
0.24116199056118398,-0.24113501323254405,0.6216293440732229
0.24290336496350376,-0.24220058542140113,0.6243889581189758
0.24464406488783136,-0.24326675094291486,0.6271485721647287
0.24638543929015114,-0.24433232313177186,0.6299081862104816
0.24812613921447457,-0.24539848865328087,0.6326669019443707
0.249777722381111,-0.24641503166991763,0.6354840079494101
0.25086795566271963,-0.24712258645251375,0.6386613370118541
0.2519575144663331,-0.2478307345677608,0.6418377677624342
0.2530477477479417,-0.24853828935035685,0.6450150968248782
0.25413798102955154,-0.24924584413295192,0.6481915275754584
0.25522753983316376,-0.24995399224819995,0.6513688566379023
0.2563177731147736,-0.250661547030795,0.6545452873884825
0.25740800639638345,-0.25136910181339006,0.6577226164509266
0.2584975651999956,-0.2520772499286381,0.6608990472015068
0.25979260675587285,-0.25254840448029314,0.6640350539182136
0.2611949766582256,-0.2528940360612892,0.6671486028383242
0.26259726541523165,-0.2532409354529335,0.6702621517584347
0.2640002286502395,-0.2535872415119296,0.6733757006785452
0.2654019240745946,-0.2539334664255786,0.6764892495986558
0.2668048873095982,-0.25427977248456995,0.6796036968306302
0.2682078505446019,-0.25462607854356123,0.6827172457507408
0.26960954596895703,-0.25497230345721034,0.6858307946708513
0.27101250920396486,-0.2553186095162064,0.6889443435909618
-0.03715726769026341,0.013839956341811344,-0.011738910213486274
-0.03722098732086419,0.01396815259208516,-0.0100105581874353
-0.0372853002841159,0.014097023320354181,-0.008281307849520473
-0.037349019914716675,0.014225219570627995,-0.006552955823469507
-0.03741400735596478,0.014353496966245037,-0.004824603797418539
-0.03747772698656557,0.014481693216518854,-0.003095353459503707
-0.037542039949816065,0.014610563944788928,-0.0013670014334527393
-0.03760575958041264,0.014738760195057949,0.0003613505925982283
-0.03767007254366434,0.01486763092332697,0.002090600930513061
-0.037734466652261524,0.014995233840948814,0.003818952956564028
-0.03779877961551323,0.015124104569217828,0.005547304982614996
-0.03786249924611281,0.015252300819492698,0.007276555320529829
-0.037926218876713595,0.015380497069766515,0.009004907346580798
-0.03799053183996529,0.015509367798035533,0.010733259372631766
-0.03805492594855827,0.015636970715652582,0.012462509710546597
-0.038119238911814186,0.015765841443926395,0.014190861736597565
-0.03818295854240956,0.015894037694196467,0.015919213762648533
-0.03824727150566126,0.01602290842246549,0.017648464100563366
-0.03831099113626204,0.016151104672739308,0.01937681612661433
-0.038375304099513736,0.016279975401008322,0.0211051681526653
-0.038439698208110926,0.016407578318630163,0.022834418490580134
-0.03850401117136144,0.016536449046900235,0.0245627705166311
-0.03856773080196221,0.016664645297174048,0.02629112254268207
-0.03863204376521392,0.016793516025443073,0.028020372880596903
-0.03869576339581049,0.016921712275712094,0.02974872490664787
-0.03876015750440767,0.017049315193333935,0.031477076932698834
-0.038824470467658176,0.017178185921604007,0.033206327270613664
-0.03888819009825896,0.017306382171877827,0.034934679296664634
-0.038952503061510664,0.017435252900146844,0.0366630313227156
-0.03901622269211144,0.017563449150420657,0.03839228166063044
-0.039081210133359544,0.017691726546037706,0.0401206336866814
-0.039144929763960334,0.017819922796311526,0.04184898571273237
-0.03920924272721084,0.01794879352458159,0.0435782360506472
-0.03927296235780741,0.018076989774850616,0.04530658807669817
-0.03933727532105911,0.018205860503119637,0.04703494010274915
-0.03940099495165869,0.0183340567533945,0.04876419044066396
-0.039465982392907994,0.018462334149010492,0.05049254246671494
-0.039529702023507585,0.018590530399285363,0.05222089449276592
-0.03959342165410836,0.018718726649559175,0.053950144830680724
-0.039657734617360066,0.018847597377828196,0.05567849685673171
-0.03972145424795543,0.018975793628098276,0.057406848882782684
-0.03978644168920895,0.019104071023719055,0.05913609922069749
-0.039850161319804324,0.01923226727398913,0.06086445124674847
-0.03991447428305603,0.019361138002258155,0.06259280327279945
-0.039978193913656805,0.019489334252531968,0.06432205361071426
-0.0400425068769085,0.019618204980800986,0.06605040563676523
-0.04010690098550569,0.01974580789842283,0.06777875766281621
-0.040171213948756196,0.019874678626692902,0.06950800800073104
-0.04023493357935698,0.02000287487696671,0.07123636002678202
-0.040298653209953544,0.02013107112723574,0.07296471205283299
-0.04036296617320525,0.02025994185550476,0.0746939623907478
-0.04042668580380483,0.020388138105779625,0.07642231441679878
-0.040491673245052935,0.020516415501396674,0.07815066644284976
-0.040555392875653726,0.02064461175167049,0.0798790184689007
-0.04061970583890542,0.020773482479939504,0.08160826880681554
-0.04068342546950621,0.02090167873021332,0.08333662083286653
-0.04074773843275671,0.0210305494584834,0.08506497285891748
-0.040812132541355094,0.02115815237610418,0.08679422319683232
-0.0408764455046056,0.021287023104374254,0.08852257522288329
-0.04094016513520217,0.02141521935464328,0.09025092724893424
-0.041004478098453874,0.0215440900829123,0.09198017758684908
-0.04106819772905346,0.021672286333187164,0.09370852961290005
-0.04113259183765184,0.02179988925080795,0.09543688163895102
-0.041143438632838175,0.021938704459099855,0.09716613197686585
-0.04112531338902116,0.022082666855711416,0.09889448400291681
-0.041106594812553215,0.02222595477432777,0.1006228360289678
-0.041088469568736186,0.022369917170939328,0.10235118805501876
-0.04106975099226402,0.022513205089550896,0.10408043839293357
-0.041050951270450595,0.022657760818814432,0.10580879041898456
-0.04103223269398266,0.022801048737430787,0.10753714244503554
-0.04101351411751471,0.022944336656047146,0.10926549447108648
-0.04099538887369768,0.023088299052658707,0.11099384649713746
-0.04097667029722552,0.023231586971270278,0.1127230968350523
-0.04095854505340849,0.02337554936788183,0.11445144886110327
-0.04093915199894414,0.02351943061915016,0.11617980088715424
-0.04092102675512712,0.02366339301576173,0.11790815291320522
-0.040902308178659176,0.02380668093437808,0.1196365049392562
-0.04088418293484215,0.02395064333098964,0.12136575527717101
-0.04086578893975009,0.024088860007005594,0.12309410730322198
-0.040847953245691966,0.024118907051107124,0.12482874751231991
-0.040830710884288975,0.024149628573208654,0.126562489409554
-0.04081414300087938,0.02417975676265236,0.12829712961865192
-0.04079690063947758,0.024210478284752826,0.13003087151588602
-0.040779064945419455,0.024240525328854363,0.13176551172498394
-0.04076182258401646,0.024271246850955885,0.13349925362221798
-0.04074458022261467,0.024301968373056364,0.13523389383131595
-0.04072674452855655,0.02433201541715789,0.13696853404041387
-0.040709502167150545,0.024362736939253574,0.13870227593764797
-0.040692934283745145,0.02439286512870207,0.14043691614674592
-0.04067569192234216,0.024423586650803596,0.14217065804398
-0.04065785622828404,0.024453633694905125,0.14390529825307793
-0.040640613866882246,0.0244843552170056,0.14563904015031204
-0.040623371505475035,0.024515076739102335,0.14737368035940993
-0.040606129144073244,0.02454579826120281,0.149107422256644
-0.04057466691463116,0.02459979673219545,0.1508411641538781
-0.040530252627797296,0.02467715329742244,0.15257310942738447
-0.040485245008313714,0.024753835384653172,0.15430595301275474
-0.04044083072147985,0.02483119194988016,0.1560378982862611
-0.04039641643465021,0.024908548515111935,0.15776984355976748
-0.04035140881516662,0.024985230602342666,0.15950268714513774
-0.04030632005033637,0.025063180500221636,0.16123463241864408
-0.04026190576350672,0.02514053706545341,0.16296747600401432
-0.040217491476674055,0.025217893630679344,0.16469942127752069
-0.04017248385718927,0.02529457571791113,0.16643136655102705
-0.04012806957035541,0.025371932283138117,0.16816421013639732
-0.04008365528352697,0.025449288848368844,0.1698961554099037
-0.04003797318604578,0.025526564268252606,0.17162899899527392
-0.03999355889921192,0.025603920833479586,0.1733609442687803
-0.03994914461237806,0.02568127739870658,0.1750928895422867
-0.03990473032554962,0.025758633963937305,0.1768257331276569
-0.03978187406914583,0.02582842389650585,0.1785540851537079
-0.039655214380798866,0.02589797039304576,0.18028243717975886
-0.03952788021445431,0.0259681102222387,0.1820116875176737
-0.039401220526103134,0.026037656718773814,0.18374003954372464
-0.03927456083775618,0.02610720321531372,0.1854683915697756
-0.039147901149405,0.026176749711848833,0.1871967435958266
-0.039021241461058044,0.026246296208388743,0.18892599393374143
-0.03889390729470927,0.02631643603757689,0.1906543459597924
-0.03876724760636231,0.0263859825341168,0.19238269798584334
-0.038640587918015355,0.02645552903065671,0.19411105001189435
-0.03851392822966418,0.026525075527191824,0.1958394020379453
-0.03838726854131722,0.026594622023731734,0.19756865237586013
-0.03825993437496844,0.026664761852919876,0.19929700440191112
-0.038133868019272404,0.02673498282745499,0.20102535642796207
-0.03800720833092545,0.0268045293239949,0.20275370845401305
-0.037872728857507164,0.02685702626467844,0.204482060480064
-0.03772616980987401,0.026879470961643382,0.20621041250611497
-0.03757893628424145,0.02690250899125445,0.20793876453216598
-0.037432377236604086,0.026924953688214587,0.20966711655821693
-0.037285143710974536,0.0269479917178315,0.2113954685842679
-0.0371391779959881,0.026971110892786854,0.2131238206103189
-0.03699194447035855,0.026994148922403767,0.21485217263636985
-0.036845385422722386,0.02701659361936285,0.21657962635055694
-0.03669882637508502,0.027039038316322997,0.21830797837660793
-0.03655159284945548,0.027062076345939913,0.2200363304026589
-0.036405033801819316,0.027084521042899,0.2217646824287099
-0.03625780027618977,0.02710755907251592,0.22349303445476085
-0.036111241228552415,0.02713000376947606,0.22522138648081186
-0.035964007702918646,0.027153041799088184,0.22694973850686279
-0.0358174486552867,0.027175486496052066,0.2286771922210499
-0.03567021512965293,0.027198524525664184,0.23040554424710089
-0.03553593886103161,0.027168289192765815,0.23213479458501568
-0.035404578625190114,0.02712232794476707,0.2338631466110667
-0.03527321838934862,0.02707636669676832,0.23559239694898146
-0.03514185815350712,0.027030405448769574,0.23732164728689636
-0.035010497917665626,0.026984444200770827,0.23905089762481113
-0.03487913768182413,0.026938482952772076,0.24077924965086214
-0.03474777744598263,0.026892521704773333,0.24250849998877694
-0.03461641721014114,0.026846560456774585,0.2442377503266918
-0.03448505697429964,0.026800599208775838,0.24596700066460658
-0.034353696738458145,0.02675463796077709,0.2476953526906576
-0.03422233650261665,0.026708676712778344,0.2494246030285724
-0.034090976266775146,0.026662715464779597,0.25115385336648727
-0.03395961603093365,0.026616754216780846,0.2528822053925382
-0.03382825579509096,0.02657079296878316,0.2546114557304531
-0.033696302226598536,0.02652415724278921,0.25634070606836784
-0.03356391761614315,0.02647431141749985,0.2580690580944189
-0.03342395665665105,0.026403612604405692,0.25979651180860597
-0.03328399569716317,0.02633291379131632,0.2615239655227931
-0.03314395359232439,0.026263482788870397,0.26325141923698026
-0.03300399263283531,0.02619278397578208,0.26497977126303107
-0.03286335719534682,0.026122678495339904,0.2667072249772182
-0.03272398956850866,0.026052654160246793,0.26843467869140536
-0.03258402860902078,0.025981955347157425,0.2701621324055925
-0.03244339317153108,0.025911849866716293,0.27188958611977965
-0.032304025544694116,0.025841825531622134,0.27361703983396674
-0.03216406458520082,0.025771126718529026,0.2753444935481539
-0.03202342914771534,0.02570102123809269,0.277071947262341
-0.03188406152087416,0.025630996902993735,0.27879940097652817
-0.03174410056138628,0.02556029808990437,0.28052685469071525
-0.031603465123896585,0.02549019260946324,0.2822543084049023
-0.03146409749705842,0.02542016827437013,0.28398176211908943
-0.03134397486713099,0.025437303492323104,0.2857110124570043
-0.031238812129717113,0.025519046422910505,0.28744026279491913
-0.03113364939230022,0.02560078935349206,0.289169513132834
-0.031027893322236624,0.02568185780608321,0.2908987634707488
-0.03092340506282035,0.025763007404017584,0.2926289121205274
-0.030817648992751336,0.025844075856604993,0.29435816245844226
-0.030712486255338668,0.025925818787191347,0.2960874127963571
-0.030606730185270853,0.0260068872397777,0.29781666313427185
-0.03050224192585458,0.026088036837712075,0.2995468117840506
-0.030397079188440708,0.02616977976829948,0.3012760621219654
-0.030291323118372897,0.026250848220885834,0.30300531245988016
-0.030186160380960222,0.02633259115147218,0.3047345627977951
-0.030081078788893028,0.026413066271411354,0.30646471144757376
-0.029975916051474937,0.026494809201993964,0.3081939617854885
-0.029870159981411345,0.026575877654585116,0.3099232121234034
-0.02976499724399867,0.026657620585171467,0.31165336077318206
-0.029711895888551075,0.02674142266423221,0.3133844077348246
-0.029659469011101083,0.02682463141063993,0.3151163530083309
-0.02960636765565349,0.026908433489700682,0.31684829828183736
-0.029553859632858014,0.026992910046755574,0.31858024355534376
-0.02950075827741042,0.02707671212581632,0.32031218882885004
-0.029447656921962825,0.027160514204877063,0.3220432357904926
-0.029395230044512836,0.027243722951284785,0.323775181063999
-0.029342128689065237,0.027327525030345533,0.32550712633750534
-0.029289027333618843,0.027411327109405227,0.32723907161101173
-0.029235925978171252,0.027495129188465976,0.32897101688451813
-0.029183417955378797,0.02757960574552672,0.3307020638461607
-0.029130316599932402,0.02766340782458641,0.33243400911966703
-0.029077889722481213,0.027746616570995187,0.3341659543931734
-0.029024788367034815,0.02783041865005488,0.3358978996666799
-0.028971687011587217,0.027914220729115622,0.33762984494018616
-0.02894259811275303,0.027970917112093874,0.33936268852555646
-0.028944428741193216,0.027992038851170256,0.34109643042279053
-0.028944991558981868,0.028013079444898618,0.3428310706318884
-0.02894682218742205,0.028034201183974997,0.34456571084098636
-0.028948652815862237,0.028055322923051382,0.34630035105008433
-0.028949808966301806,0.02807703799477495,0.3480349912591822
-0.028951046262091072,0.028097485255856126,0.34976873315641627
-0.02895220241253064,0.028119200327579693,0.35150337336551424
-0.028954033040970828,0.02814032206665607,0.3532380135746122
-0.028955863669411015,0.02816144380573245,0.3549726537837101
-0.028956426487199663,0.028182484399460812,0.3567072939928081
-0.02895825711563985,0.028203606138537195,0.35844103589004217
-0.028959413266082434,0.028225321210266604,0.36017567609914014
-0.02896124389452382,0.028246442949341935,0.36191031630823794
-0.02896248119030887,0.02826689021041832,0.3636449565173359
-0.02896363734075146,0.028288605282147734,0.3653795967264339
-0.02893841290359039,0.02830481286969204,0.36711333862366796
-0.028910733990475945,0.028319590355897917,0.3688479788327659
-0.0288823805993639,0.028334961174756826,0.37058261904186385
-0.028854027208253055,0.02835033199361468,0.3723163609390979
-0.02882694162779255,0.028365783957821612,0.3740510011481959
-0.028798588236681702,0.028381154776679463,0.3757847430454299
-0.028770234845569658,0.02839652559553837,0.3775193832545279
-0.02874188145445761,0.028411896414397283,0.3792540234636258
-0.028714202541347385,0.028426673900607952,0.3809877653608599
-0.02868584915023534,0.02844204471946686,0.38272240556995785
-0.028658089091774218,0.028458090016320974,0.3844570457790557
-0.028629735700662174,0.028473460835179883,0.3861907876762898
-0.028602056787551948,0.028488238321390556,0.3879254278853877
-0.028573703396439897,0.028503609140249454,0.3896591697826218
-0.028545350005329054,0.02851897995910731,0.39139380999171974
-0.028528412109681017,0.028505165817789294,0.3931275518889538
-0.028531876044253435,0.028441100807326793,0.394861293786188
-0.028534072168178534,0.02837695465152106,0.3965950356834221
-0.028536942770095816,0.028312215163058558,0.39832787926879226
-0.028539813372017317,0.028247475674600852,0.40006162116602634
-0.028542009495937,0.028183329518791378,0.4017944647513965
-0.028544880097859694,0.028118590030332617,0.40352820664863065
-0.02854775069977698,0.028053850541870113,0.4052619485458647
-0.028551214634349398,0.02798978553140761,0.4069947921312349
-0.028553410758273303,0.027925639375602933,0.408728534028469
-0.028556281360190585,0.027860899887140432,0.41046137761383933
-0.028559151962112082,0.02779616039868272,0.4121951195110734
-0.028561348086032962,0.027732014242872197,0.4139288614083075
-0.028564218687954463,0.027667274754414484,0.41566170499367766
-0.02856708928987174,0.02760253526595198,0.41739544689091174
-0.02856987874644776,0.027539063588141455,0.4191291887881458
-0.028590432468113634,0.02754610763425011,0.42086293068538
-0.028614328064897415,0.027570551132825145,0.4225975708944778
-0.02863889813968182,0.027594401298753003,0.4243313127917119
-0.028663468214462,0.027618251464676065,0.42606595300080985
-0.028688038289247608,0.027642101630602867,0.4277996948980439
-0.028711933886030192,0.027666545129178956,0.4295343351071419
-0.028736503960815795,0.027690395295105762,0.4312680770043759
-0.02876107403559598,0.02771424546102882,0.43300271721347383
-0.02878564411038038,0.027738095626956682,0.4347373574225718
-0.028809539707164166,0.027762539125531713,0.4364710993198059
-0.028834109781948572,0.027786389291459577,0.43820573952890385
-0.028858679856729953,0.02781023945738158,0.4399394814261379
-0.02888257545351676,0.02783468295596247,0.44167412163523584
-0.02890714552829814,0.027858533121884473,0.4434078635324699
-0.02893171560308255,0.027882383287812333,0.4451425037415679
-0.02895466277097303,0.027931589666720935,0.44687534732693807
-0.028974739336946238,0.02804553553409204,0.4486063942885806
-0.028994141424926057,0.028160074734120966,0.4503374412502232
-0.029014217990899264,0.02827402060149207,0.45206758990000184
-0.029033620078874868,0.0283885598015162,0.4537986368616444
-0.029053022166850472,0.028503099001540338,0.4555296838232869
-0.029073098732823675,0.02861704486891144,0.45725983247306556
-0.02909250082079928,0.02873158406893557,0.45899087943470807
-0.029112577386772483,0.028845529936306676,0.4607219263963506
-0.029131979474749284,0.028960069136329755,0.4624520750461293
-0.02915205604072129,0.029074015003701912,0.46418312200777184
-0.02917145812869809,0.029188554203724994,0.4659132706575505
-0.029190266884022775,0.02930241892575392,0.467644317619193
-0.029210343449995978,0.029416364793125024,0.46937536458083556
-0.029229745537971582,0.029530903993149157,0.4711055132306142
-0.02924982210394478,0.029644849860520257,0.4728365601922568
-0.029215864484444513,0.029777614882460977,0.47456491221830777
-0.02915919273383741,0.029917200630088417,0.4762932642443587
-0.02910252098323333,0.030056786377721703,0.4780216162704097
-0.02904584923263045,0.030196372125353945,0.4797490699845968
-0.028989177482023353,0.030335957872981382,0.48147742201064786
-0.02893183125342287,0.03047613695326664,0.48320577403669873
-0.028875752835470905,0.030616397178894073,0.4849332277508859
-0.028819081084868026,0.030755982926526305,0.4866615797769368
-0.028762409334260927,0.030895568674153752,0.48838993180298784
-0.028705737583658044,0.03103515442178598,0.490117385517175
-0.028649065833053964,0.031174740169419266,0.49184573754322586
-0.028592394082446865,0.03131432591704671,0.4935740895692769
-0.028535722331843982,0.03145391166467894,0.49530154328346404
-0.0284790505812411,0.03159349741231117,0.4970298953095149
-0.028421704352636405,0.03173367649259164,0.49875734902370206
-0.028358262506823106,0.03186964641420485,0.5004857010497531
-0.028233727513428755,0.03197560952295495,0.5022122564520763
-0.028108518042037997,0.032082165964357014,0.5039397101662635
-0.02798398304864365,0.03218812907310712,0.5056662655685867
-0.02785944805525049,0.03229409218185616,0.5073928209709101
-0.027734831916510654,0.03240132310125343,0.5091202746850972
-0.027610296923116305,0.03250728621000353,0.5108468300874205
-0.02748508745172555,0.0326138426514056,0.5125733854897437
-0.027360552458331196,0.0327198057601557,0.514299940892067
-0.027236017464936847,0.0328257688689058,0.516027394606254
-0.02711080799354609,0.03293232531030787,0.5177539500085774
-0.026986273000152935,0.0330382884190569,0.5194805054109006
-0.026861738006758586,0.033144251527807006,0.5212079591250877
-0.026736528535367832,0.03325080796920907,0.5229345145274109
-0.026611993541973484,0.033356771077959174,0.5246610699297343
-0.02648745854857611,0.03346273418670342,0.5263885236439214
-0.026438622181906558,0.03352962368536358,0.5281186722937
-0.026466158919949776,0.033556846241272247,0.529853312502798
-0.026493695657992998,0.03358406879718091,0.5315870544000321
-0.026521906874033822,0.03361069802043655,0.5333216946091299
-0.02654944361208126,0.03363792057635001,0.535055436506364
-0.026576980350124478,0.03366514313225868,0.536790076715462
-0.026603923755517976,0.033691691210171085,0.538523818612696
-0.026631460493561198,0.03371891376607976,0.5402575605099301
-0.02665899723160442,0.03374613632198842,0.5419922007190281
-0.026686533969651857,0.03377335887790188,0.5437259426162622
-0.026714070707696276,0.03380058143380949,0.5454605828253601
-0.026741607445739498,0.03382780398971816,0.5471943247225942
-0.02676914418378693,0.03385502654563162,0.5489289649316922
-0.02679608758917502,0.033881574623540286,0.5506627068289263
-0.02682362432722365,0.03390879717945269,0.5523973470380242
-0.026851161065266874,0.03393601973536135,0.5541310889352583
-0.026846788933041835,0.03410377646779675,0.5558576443375816
-0.026842011074092398,0.03427787225347388,0.5575833014280409
-0.026837314360488456,0.03445070022850384,0.5593089585185004
-0.026831943168886905,0.034624121536186825,0.5610355139208236
-0.02682657197728535,0.0347975428438698,0.562761171011283
-0.02682120078568922,0.034970964151556524,0.5644868281017424
-0.02681650407208527,0.035143792126586484,0.5662133835040657
-0.026811132880483722,0.03531721343426946,0.5679390405945252
-0.026806355021533092,0.03549130921994765,0.5696646976849846
-0.02680165830792914,0.0356641371949776,0.571390354775444
-0.026796287116328792,0.035837558502659544,0.5731169101777673
-0.026790915924731457,0.03601097981034731,0.5748425672682267
-0.02678554473312991,0.03618440111803029,0.576568224358686
-0.026780848019525957,0.036357229093060245,0.5782938814491455
-0.02677547682792561,0.03653065040074217,0.5800204368514688
-0.02676389835890109,0.03672149647613555,0.5817442973182005
-0.026739393147736042,0.036945249798314775,0.5834636662256129
-0.02671488793656797,0.03716900312048817,0.5851839334448892
-0.0266910572033951,0.03739216311001063,0.5869042006641655
-0.026665958659570697,0.03761524195418507,0.588623569571578
-0.026641453448401423,0.03783899527635951,0.5903438367908543
-0.026617622715229754,0.038062155265880936,0.5920641040101305
-0.026593117504060484,0.038285908588055376,0.5937834729175431
-0.026569286770891834,0.038509068577582635,0.5955037401368193
-0.026544781559722563,0.038732821899757075,0.5972240073560956
-0.026520276348553296,0.038956575221931515,0.598943376263508
-0.026495852282726485,0.039179060733452925,0.6006636434827843
-0.026471347071557218,0.03940281405562738,0.6023839107020607
-0.02644684186038795,0.03962656737780182,0.6041032796094731
-0.026423011127215082,0.039849727367324284,0.6058235468287494
-0.02639850591605002,0.040073480689503505,0.6075438140480257
-0.026359477053950836,0.04020592113006278,0.6092712677622129
-0.02631306464836818,0.040294606845789734,0.6110032130357193
-0.026267245575436433,0.040383967039511894,0.6127351583092256
-0.02622083316985799,0.04047265275524363,0.6144662052708681
-0.026174339618929853,0.04056260628161777,0.6161981505443745
-0.026127927213347193,0.04065129199734473,0.6179300958178809
-0.026082108140419665,0.040740652191071675,0.6196620410913873
-0.02603569573483701,0.04082933790679863,0.6213930880530298
-0.025989876661910678,0.04091869810052453,0.6231250333265362
-0.025943464256328028,0.041007383816251484,0.6248569786000426
-0.0258976451834005,0.04109674400997843,0.6265880255616851
-0.025850558299821438,0.04118602305835736,0.6283199708351915
-0.025804739226889695,0.041275383252079516,0.6300519161086979
-0.025758920153962174,0.04136474344580647,0.6317838613822043
-0.025712507748379517,0.041453429161533425,0.6335149083438468
-0.0256645334656329,0.041526738858778556,0.6352468536173532
-0.025599423964933313,0.04147992592609624,0.6369796972027234
-0.025533721131583993,0.041432438515417676,0.6387125407880937
-0.025468611630884413,0.04138562558273537,0.6404453843734639
-0.025404176608182415,0.04133821931740003,0.6421782279588341
-0.025339067107484025,0.041291406384716664,0.6439110715442043
-0.025273957606789844,0.0412445934520381,0.6456430168177106
-0.025208848106090257,0.04119778051935579,0.6473758604030809
-0.02514381975073313,0.041149699776020454,0.6491087039884511
-0.025078710250034747,0.04110288684333709,0.6508415475738213
-0.02501360074933937,0.041056073910659574,0.6525743911591916
-0.024948491248640976,0.041009260977976206,0.6543072347445619
-0.024884056225938988,0.04096185471264087,0.656040078329932
-0.02481835339258426,0.04091436730195856,0.6577729219153023
-0.024753243891890087,0.04086755436927999,0.6595048671888086
-0.024688134391191694,0.040820741436596635,0.6612377107741789
-0.024642655498502065,0.04081528458289474,0.662971452671413
-0.024612222843295742,0.04084325236290079,0.6647051945686471
-0.024581196855437297,0.04087054566491269,0.666439834777745
-0.024550170867580053,0.04089783896692354,0.6681735766749791
-0.024520412690374343,0.040925213414282416,0.6699082168840771
-0.0244893867025171,0.04095250671629326,0.6716419587813112
-0.024458954047309578,0.04098047449630037,0.6733757006785452
-0.02442792805945233,0.04100776779831122,0.6751103408876432
-0.024396902071595086,0.04103506110032207,0.6768440827848773
-0.024366469416391777,0.04106302888033397,0.6785787229939753
-0.024335443428534533,0.04109032218234481,0.6803124648912092
-0.024305685251324607,0.04111769662969889,0.6820471051003072
-0.024274659263467363,0.041144989931709744,0.6837808469975413
-0.024243633275608918,0.04117228323372164,0.6855145888947753
-0.024213200620402595,0.04120025101372769,0.6872492291038733
-0.02418538473184181,0.04122711327377677,0.6889829710011074
-0.024260616602115283,0.04123511094839699,0.6907158145864777
-0.024336441805039674,0.04124378310101241,0.6924486581718479
-0.024412941485964686,0.04125186192098066,0.6941815017572182
-0.024488173356238156,0.041259859595600884,0.6959143453425883
-0.024564673037160152,0.04126793841556328,0.6976480872398224
-0.024640498240088765,0.041276610568183505,0.6993809308251926
-0.024716404588358637,0.041284014910151746,0.7011137744105628
-0.024792229791283028,0.041292687062767175,0.7028466179959331
-0.02486805499420742,0.0413013592153826,0.7045794615813032
-0.024943961342477297,0.04130876355735086,0.7063123051666735
-0.0250197865454071,0.04131743570997001,0.7080451487520437
-0.0250962862263279,0.041325514529933466,0.7097779923374139
-0.02517151809660137,0.041333512204553696,0.7115108359227842
-0.025248017777526378,0.04134159102452194,0.7132436795081545
-0.025323842980450772,0.041350263177137365,0.7149765230935247
-0.02529770062925988,0.04137086752928103,0.7167075700551672
-0.02515801813742122,0.041405209394154964,0.7184359220812182
-0.02501833564558255,0.041439551259028894,0.720165172419133
-0.024878653153739674,0.04147389312389803,0.721893524445184
-0.02473897066190221,0.0415082349887709,0.723621876471235
-0.024599288170063544,0.04154257685364484,0.7253511268091498
-0.02445960567822067,0.04157691871851398,0.7270794788352007
-0.024319923186382,0.04161126058338791,0.7288078308612518
-0.024180240694543338,0.04164560244826185,0.7305361828873027
-0.024040558202704676,0.04167994431313578,0.7322654332252175
-0.023900794565520533,0.041715553988656895,0.7339937852512685
-0.02376111207367765,0.04174989585352602,0.7357221372773195
-0.023621429581838986,0.04178423771839996,0.7374513876152343
-0.023481747090001524,0.041818579583272834,0.7391797396412852
-0.02334206459815865,0.041852921448141976,0.7409080916673363
-0.023202382106319985,0.041887263313015906,0.7426373420052511
-0.022791296590938117,0.041965338421369944,0.7443171851906542
-0.022343551027310237,0.04204934165662608,0.74599074019301
-0.02189639879633448,0.04213401936987635,0.7476642951953661
-0.021448653232706602,0.04221802260513248,0.7493387485095859
-0.021000907669078722,0.0423020258403886,0.7510123035119418
-0.020553162105452043,0.04238602907564368,0.7526858585142979
-0.020106009874479296,0.0424707067888998,0.7543594135166538
-0.019658264310847207,0.042554710024151135,0.7560329685190099
-0.019210518747220528,0.04263871325940621,0.7577074218332298
-0.018763366516247784,0.04272339097266234,0.7593809768355857
-0.018315620952619908,0.04280739420791846,0.7610545318379418
-0.01786787538899203,0.04289139744317459,0.7627280868402978
-0.017420129825365352,0.042975400678429664,0.7644025401545177
-0.01697297759438839,0.04306007839168099,0.7660760951568737
-0.01652523203076051,0.04314408162693712,0.7677496501592297
-0.016077486467133834,0.0432280848621922,0.7694232051615857
-0.015662942216800212,0.04334030971273259,0.7711039466588525
-0.015257460246943638,0.04346011611192958,0.772786484779847
-0.014851978277082853,0.043579922511121784,0.7744681245889777
-0.014447170785223876,0.04369913557766575,0.7761506627099722
-0.014042282148018224,0.043819616454857956,0.7778332008309667
-0.013636800178161651,0.04393942285405495,0.7795157389519614
-0.01323131820830086,0.04405922925324716,0.781197378761092
-0.012825836238444292,0.04417903565244416,0.7828799168820866
-0.0124203542685835,0.04429884205163636,0.7845624550030811
-0.012014872298726926,0.04441864845083336,0.7862440948122117
-0.011609983661521278,0.04453912932802556,0.7879266329332063
-0.011204501691664705,0.044658935727222564,0.7896091710542008
-0.010799019721805112,0.044778742126413716,0.7912917091751954
-0.01039353775194854,0.04489854852561072,0.792973348984326
-0.009988055782091967,0.045018354924807706,0.7946558871053205
-0.009582573812231177,0.04513816132399991,0.7963384252263151
-0.009399019735730577,0.04523143592701485,0.7980559975099998
-0.009284145555086063,0.04531573979413956,0.7997843495360508
-0.009169271374440345,0.04540004366126532,0.8015135998739656
-0.00905431604845336,0.04548561533904306,0.8032419519000166
-0.008939441867808842,0.045569919206167764,0.8049712022379315
-0.00882516101981404,0.04565489755128872,0.8066995542639823
-0.008710286839168326,0.045739201418414484,0.8084279062900332
-0.008595412658523809,0.0458235052855392,0.8101571566279481
-0.008481131810529008,0.045908483630660156,0.8118855086539991
-0.00836625762988449,0.04599278749778487,0.8136147589919138
-0.008250708971242374,0.046077684697562606,0.8153431110179649
-0.00813642812325179,0.04616266304268836,0.8170723613558797
-0.008021553942607272,0.046246966909813066,0.8188007133819307
-0.007907273094612472,0.046331945254934025,0.8205290654079817
-0.007792398913967951,0.04641624912205874,0.8222583157458965
-0.0076929007518051155,0.046498991112021736,0.8239875660838114
-0.007667828206089461,0.046572493614819195,0.8257204096691816
-0.007642836805720489,0.04664472830696841,0.8274532532545518
-0.0076177642600048345,0.04671823080976586,0.8291860968399221
-0.007592098381639461,0.04679105883456706,0.8309189404252922
-0.007567700313925621,0.04686396800471628,0.8326517840106624
-0.007542627768209967,0.04693747050751372,0.8343846275960326
-0.007517636367840991,0.047009705199662945,0.8361174711814029
-0.007492563822125336,0.0470832077024604,0.8378503147667732
-0.007466897943759962,0.04715603572726159,0.8395831583521434
-0.0074424998760419065,0.04722894489740601,0.8413160019375137
-0.007417427330326252,0.047302447400203465,0.843048845522884
-0.007391761451959677,0.04737527542500572,0.8447816891082542
-0.007367363384245841,0.04744818459515493,0.8465145326936243
-0.007341697505880466,0.04752101261995613,0.8482482745908584
-0.007317299438161211,0.047593921790101607,0.8499811181762287
-0.007377514902948897,0.047707254209198593,0.8517085718904157
-0.007490866754802989,0.047845628659151374,0.8534342289808752
-0.007604299751998342,0.04798273529845218,0.8551598860713346
-0.0077176516038524375,0.04812110974840495,0.8568855431617941
-0.00783041012305139,0.048258809720357725,0.8586103019403897
-0.007944436452903084,0.048396590837657474,0.8603359590308491
-0.008057194972102033,0.04853429080961025,0.8620616161213083
-0.008170546823956125,0.048672665259563014,0.863786374899904
-0.008283979821155696,0.04880977189886862,0.8655120319903633
-0.008397331673005565,0.0489481463488166,0.8672376890808228
-0.008510764670206339,0.049085252988121136,0.8689624478594185
-0.008624116522056215,0.049223627438069115,0.8706881049498777
-0.008737468373910307,0.049362001888021895,0.8724137620403372
-0.008850901371105658,0.0494991085273227,0.8741394191307966
-0.008964253222959753,0.049637482977275466,0.8758641779093922
-0.009077011742158705,0.04977518294922824,0.8775898349998517
